,Index,Baseline,Baseline count,HU,HU count,GPT,GPT count,Baseline = HU count?,Baseline = GPT count?,HU count = GPT count?,Baseline = HU word?,Baseline = GPT word?
0,0,зонтик,2,зонтик,2,зонтик,2,True,True,True,True,True
1,1,макроэкономический,8,макроэкономический,8,макроэкономический,7,True,False,False,True,True
2,2,неодинаково,6,неодинаково,6,неодинаково,5,True,False,False,True,True
3,3,топсайдеры,4,топсайдеры,4,топсайдеры,4,True,True,True,True,True
4,4,щавеля,3,щавеля,3,щавеля,3,True,True,True,True,True
5,5,царство,2,царство,2,царство,2,True,True,True,True,True
6,6,химиопрофилактика,8,химиопрофилактика,8,химиопрофилактика,7,True,False,False,True,True
7,7,реабилитационную,9,реабилитационную,7,реабилитационную,6,False,False,False,True,True
8,8,гвоздика,3,гвоздика,3,гвоздика,3,True,True,True,True,True
9,9,Египет,3,Египет,3,Египет,3,True,True,True,True,True
10,10,французского,4,французского,4,французского,4,True,True,True,True,True
11,11,ща,1,ща,1,ща,1,True,True,True,True,True
12,12,соответственно,5,соответственно,5,соответственно,4,True,False,False,True,True
13,13,фигуристы,4,фигуристы,4,фигуристы,4,True,True,True,True,True
14,14,ясновидение,6,ясновидение,5,ясновидение,5,False,False,True,True,True
15,15,мост,1,мост,1,мост,1,True,True,True,True,True
16,16,хореографическое,8,хореографическое,7,хореографическое,6,False,False,False,True,True
17,17,гнездо,2,гнездо,2,гнездо,2,True,True,True,True,True
18,18,фиалка,3,фиалка,3,фиалка,2,True,False,False,True,True
19,19,западносахалинский,7,западносахалинский,7,западносахалинский,7,True,True,True,True,True
20,20,распространено,5,распространено,5,распространено,5,True,True,True,True,True
21,21,щепотка,3,щепотка,3,щепотка,3,True,True,True,True,True
22,22,уважение,5,уважение,4,уважение,4,False,False,True,True,True
23,23,колыбельная,5,колыбельная,5,колыбельная,4,True,False,False,True,True
24,24,железнодорожника,7,железнодорожника,6,железнодорожника,7,False,True,False,True,True
25,25,лук,1,лук,1,лук,1,True,True,True,True,True
26,26,парикмахерская,6,парикмахерская,5,парикмахерская,5,False,False,True,True,True
27,27,ярмарка,3,ярмарка,3,ярмарка,3,True,True,True,True,True
28,28,деятельность,4,деятельность,4,деятельность,3,True,False,False,True,True
29,29,расписание,5,расписание,4,расписание,4,False,False,True,True,True
30,30,библиотека,5,библиотека,4,библиотека,4,False,False,True,True,True
31,31,научился,4,научился,3,научился,3,False,False,True,True,True
32,32,имя,2,имя,2,имя,2,True,True,True,True,True
33,33,утюг,2,утюг,2,утюг,2,True,True,True,True,True
34,34,инструменты,4,инструменты,4,инструменты,4,True,True,True,True,True
35,35,заключается,5,заключается,4,заключается,4,False,False,True,True,True
36,36,медвежонок,4,медвежонок,3,медвежонок,4,False,True,False,True,True
37,37,чеснок,2,чеснок,2,чеснок,2,True,True,True,True,True
38,38,Юра,2,Юра,2,Юра,2,True,True,True,True,True
39,39,животных,3,животных,3,животных,3,True,True,True,True,True
40,40,гвоздь,1,гвоздь,1,гвоздь,1,True,True,True,True,True
41,41,юридических,5,юридических,5,юридических,5,True,True,True,True,True
42,42,трава,2,трава,2,трава,2,True,True,True,True,True
43,43,загадка,3,загадка,3,загадка,3,True,True,True,True,True
44,44,рисовать,3,рисовать,3,рисовать,3,True,True,True,True,True
45,45,Татьяна,3,Татьяна,3,Татьяна,3,True,True,True,True,True
46,46,характеризировать,7,характеризировать,7,характеризировать,7,True,True,True,True,True
47,47,целеустремленность,6,целеустремленность,6,целеустремленность,5,True,False,False,True,True
48,48,являющемуся,6,являющемуся,5,являющемуся,5,False,False,True,True,True
49,49,энергосберегающая,9,энергосберегающая,8,энергосберегающая,7,False,False,False,True,True
50,50,изобразительное,7,изобразительное,6,изобразительное,6,False,False,True,True,True
51,51,интересный,4,интересный,4,интересный,4,True,True,True,True,True
52,52,на,1,на,1,на,1,True,True,True,True,True
53,53,воспоминание,6,воспоминание,5,воспоминание,5,False,False,True,True,True
54,54,Чиполлино,4,Чиполлино,4,Чиполлино,4,True,True,True,True,True
55,55,зоопарке,4,зоопарке,4,зоопарке,3,True,False,False,True,True
56,56,сестра,2,сестра,2,сестра,2,True,True,True,True,True
57,57,юрисконсульт,4,юрисконсульт,5,юрисконсульт,4,False,True,False,True,True
58,58,широкополосный,6,широкополосный,6,широкополосный,6,True,True,True,True,True
59,59,ясень,2,ясень,2,ясень,2,True,True,True,True,True
60,60,фотоаппарат,5,фотоаппарат,5,фотоаппарат,4,True,False,False,True,True
61,61,ёжиком,3,ёжиком,3,ёжиком,3,True,True,True,True,True
62,62,читайте,3,читайте,2,читайте,3,False,True,False,True,True
63,63,литературные,6,литературные,5,литературные,5,False,False,True,True,True
64,64,олицетворяющее,8,олицетворяющее,6,олицетворяющее,6,False,False,True,True,True
65,65,желудок,3,желудок,3,желудок,3,True,True,True,True,True
66,66,самолёт,3,самолёт,3,самолёт,3,True,True,True,True,True
67,67,ядовитое,5,ядовитое,4,ядовитое,4,False,False,True,True,True
68,68,осенью,3,осенью,3,осенью,3,True,True,True,True,True
69,69,берегоукрепительный,8,берегоукрепительный,8,берегоукрепительный,7,True,False,False,True,True
70,70,мышка,2,мышка,2,мышка,2,True,True,True,True,True
71,71,делопроизводство,6,делопроизводство,6,делопроизводство,5,True,False,False,True,True
72,72,подлежащее,5,подлежащее,4,подлежащее,4,False,False,True,True,True
73,73,юниор,3,юниор,3,юниор,2,True,False,False,True,True
74,74,ципрофлоксацин,5,ципрофлоксацин,5,ципрофлоксацин,5,True,True,True,True,True
75,75,аккуратно,4,аккуратно,4,аккуратно,4,True,True,True,True,True
76,76,деятельности,5,деятельности,5,деятельности,4,True,False,False,True,True
77,77,расстояние,5,расстояние,4,расстояние,3,False,False,False,True,True
78,78,алфавит,3,алфавит,3,алфавит,3,True,True,True,True,True
79,79,фотография,5,фотография,5,фотография,4,True,False,False,True,True
80,80,въезд,1,въезд,1,въезд,1,True,True,True,True,True
81,81,шесть,1,шесть,1,шесть,1,True,True,True,True,True
82,82,криминалистического,8,криминалистического,7,криминалистического,8,False,True,False,True,True
83,83,уклонообразующий,8,уклонообразующий,7,уклонообразующий,6,False,False,False,True,True
84,84,золотистые,5,золотистые,4,золотистые,4,False,False,True,True,True
85,85,юношеский,4,юношеский,4,юношеский,4,True,True,True,True,True
86,86,эксплуатационный,7,эксплуатационный,7,эксплуатационный,5,True,False,False,True,True
87,87,ламинирование,7,ламинирование,6,ламинирование,6,False,False,True,True,True
88,88,бактериологические,9,бактериологические,7,бактериологические,7,False,False,True,True,True
89,89,индивидуальный,6,индивидуальный,6,индивидуальный,5,True,False,False,True,True
90,90,самостоятельности,7,самостоятельности,6,самостоятельности,6,False,False,True,True,True
91,91,стул,1,стул,1,стул,1,True,True,True,True,True
92,92,юбилей,3,юбилей,3,юбилей,3,True,True,True,True,True
93,93,целесообразностью,7,целесообразностью,7,целесообразностью,6,True,False,False,True,True
94,94,уведомление,6,уведомление,5,уведомление,5,False,False,True,True,True
95,95,яд,1,яд,1,яд,1,True,True,True,True,True
96,96,макроэкономическое,9,макроэкономическое,7,макроэкономическое,7,False,False,True,True,True
97,97,магнитофон,4,магнитофон,4,магнитофон,4,True,True,True,True,True
98,98,Эдуард,3,Эдуард,3,Эдуард,2,True,False,False,True,True
99,99,Водоплавающая,7,Водоплавающая,6,Водоплавающая,5,False,False,False,True,True
100,100,малооплачиваемая,9,малооплачиваемая,7,малооплачиваемая,6,False,False,False,True,True
101,101,доказательство,5,доказательство,5,доказательство,5,True,True,True,True,True
102,102,интересно,4,интересно,4,интересно,4,True,True,True,True,True
103,103,перераспределение,8,перераспределение,7,перераспределение,7,False,False,True,True,True
104,104,фирма,2,фирма,2,фирма,2,True,True,True,True,True
105,105,фотосинтезирующая,9,фотосинтезирующая,7,фотосинтезирующая,7,False,False,True,True,True
106,106,большой,2,большой,2,большой,2,True,True,True,True,True
107,107,история,4,история,3,история,3,False,False,True,True,True
108,108,ноутбук,3,ноутбук,2,ноутбук,2,False,False,True,True,True
109,109,ёж,1,ёж,1,ёж,1,True,True,True,True,True
110,110,аристократический,7,аристократический,7,аристократический,7,True,True,True,True,True
111,111,змей,1,змей,1,змей,1,True,True,True,True,True
112,112,термопреобразователь,8,термопреобразователь,7,термопреобразователь,7,False,False,True,True,True
113,113,майка,2,майка,2,майка,2,True,True,True,True,True
114,114,энергосберегающие,9,энергосберегающие,7,энергосберегающие,7,False,False,True,True,True
115,115,щу,1,щу,1,щу,1,True,True,True,True,True
116,116,рождения,4,рождения,4,рождения,3,True,False,False,True,True
117,117,сосна,2,сосна,2,сосна,2,True,True,True,True,True
118,118,шампанское,4,шампанское,3,шампанское,3,False,False,True,True,True
119,119,царапается,5,царапается,5,царапается,4,True,False,False,True,True
120,120,гитара,3,гитара,3,гитара,3,True,True,True,True,True
121,121,муравейник,4,муравейник,4,муравейник,4,True,True,True,True,True
122,122,Ютуб,2,Ютуб,2,Ютуб,2,True,True,True,True,True
123,123,геркулес,3,геркулес,3,геркулес,3,True,True,True,True,True
124,124,являющаяся,6,являющаяся,5,являющаяся,4,False,False,False,True,True
125,125,человеколюбивым,7,человеколюбивым,6,человеколюбивым,7,False,True,False,True,True
126,126,Юрий,2,Юрий,2,Юрий,2,True,True,True,True,True
127,127,распространенное,6,распространенное,5,распространенное,5,False,False,True,True,True
128,128,Циолковского,5,Циолковского,4,Циолковского,4,False,False,True,True,True
129,129,центр,1,центр,1,центр,1,True,True,True,True,True
130,130,индивидуальные,7,индивидуальные,6,индивидуальные,5,False,False,False,True,True
131,131,газонепроницаемые,9,газонепроницаемые,7,газонепроницаемые,7,False,False,True,True,True
132,132,коммерциализации,8,коммерциализации,7,коммерциализации,6,False,False,False,True,True
133,133,благотворительность,6,благотворительность,6,благотворительность,6,True,True,True,True,True
134,134,удостоверение,7,удостоверение,5,удостоверение,6,False,False,False,True,True
135,135,цивилизация,6,цивилизация,5,цивилизация,5,False,False,True,True,True
136,136,фильм,1,фильм,1,фильм,1,True,True,True,True,True
137,137,рассказ,2,рассказ,2,рассказ,2,True,True,True,True,True
138,138,употребления,6,употребления,5,употребления,5,False,False,True,True,True
139,139,царь,1,царь,1,царь,1,True,True,True,True,True
140,140,тополь,2,тополь,2,тополь,2,True,True,True,True,True
141,141,юристконсульта,5,юристконсульта,6,юристконсульта,5,False,True,False,True,True
142,142,ираианяипапа,8,ираианяипапа,6,ираианяипапа,5,False,False,False,True,True
143,143,чёрные,3,чёрные,2,чёрные,2,False,False,True,True,True
144,144,нитка,2,нитка,2,нитка,2,True,True,True,True,True
145,145,чудесные,4,чудесные,3,чудесные,3,False,False,True,True,True
146,146,зоологические,7,зоологические,6,зоологические,5,False,False,False,True,True
147,147,юла,2,юла,2,юла,2,True,True,True,True,True
148,148,общечеловеческие,8,общечеловеческие,7,общечеловеческие,7,False,False,True,True,True
149,149,многофункциональный,7,многофункциональный,7,многофункциональный,6,True,False,False,True,True
150,150,тюль,1,тюль,1,тюль,1,True,True,True,True,True
151,151,автомобилестроение,9,автомобилестроение,8,автомобилестроение,7,False,False,False,True,True
152,152,цапля,2,цапля,2,цапля,2,True,True,True,True,True
153,153,шестидесятничества,7,шестидесятничества,7,шестидесятничества,7,True,True,True,True,True
154,154,черёмуха,4,черёмуха,3,черёмуха,4,False,True,False,True,True
155,155,смородина,4,смородина,4,смородина,4,True,True,True,True,True
156,156,квалифицированные,8,квалифицированные,7,квалифицированные,7,False,False,True,True,True
157,157,конкурентоспособными,8,конкурентоспособными,7,конкурентоспособными,8,False,True,False,True,True
158,158,жаворонок,4,жаворонок,4,жаворонок,4,True,True,True,True,True
159,159,астра,2,астра,2,астра,2,True,True,True,True,True
160,160,йорж,1,йорж,1,йорж,1,True,True,True,True,True
161,161,ус,1,ус,1,ус,1,True,True,True,True,True
162,162,юнга,2,юнга,2,юнга,2,True,True,True,True,True
163,163,валенки,3,валенки,3,валенки,3,True,True,True,True,True
164,164,индейка,3,индейка,3,индейка,3,True,True,True,True,True
165,165,лимитирующее,7,лимитирующее,6,лимитирующее,5,False,False,False,True,True
166,166,улица,3,улица,3,улица,3,True,True,True,True,True
167,167,экскурсия,4,экскурсия,4,экскурсия,3,True,False,False,True,True
168,168,ресторан,3,ресторан,3,ресторан,3,True,True,True,True,True
169,169,фрукты,2,фрукты,2,фрукты,2,True,True,True,True,True
170,170,взаимоотношениях,8,взаимоотношениях,6,взаимоотношениях,5,False,False,False,True,True
171,171,заливаются,5,заливаются,4,заливаются,4,False,False,True,True,True
172,172,южноамериканка,7,южноамериканка,6,южноамериканка,6,False,False,True,True,True
173,173,разрабытываемое,8,разрабытываемое,6,разрабытываемое,6,False,False,True,True,True
174,174,ландыш,2,ландыш,2,ландыш,2,True,True,True,True,True
175,175,бактериоуловитель,8,бактериоуловитель,7,бактериоуловитель,6,False,False,False,True,True
176,176,многонациональная,8,многонациональная,7,многонациональная,6,False,False,False,True,True
177,177,лес,1,лес,1,лес,1,True,True,True,True,True
178,178,йотта,2,йотта,2,йотта,2,True,True,True,True,True
179,179,Екатеринбург,5,Екатеринбург,5,Екатеринбург,5,True,True,True,True,True
180,180,объяснение,5,объяснение,4,объяснение,4,False,False,True,True,True
181,181,целебные,4,целебные,3,целебные,3,False,False,True,True,True
182,182,экран,2,экран,2,экран,2,True,True,True,True,True
183,183,шустрые,3,шустрые,2,шустрые,2,False,False,True,True,True
184,184,коллекционный,5,коллекционный,5,коллекционный,4,True,False,False,True,True
185,185,журавль,2,журавль,2,журавль,2,True,True,True,True,True
186,186,угольки,3,угольки,3,угольки,3,True,True,True,True,True
187,187,детство,2,детство,2,детство,2,True,True,True,True,True
188,188,целесообразно,6,целесообразно,5,целесообразно,5,False,False,True,True,True
189,189,чередующиеся,7,чередующиеся,5,чередующиеся,5,False,False,True,True,True
190,190,характеризующая,8,характеризующая,6,характеризующая,6,False,False,True,True,True
191,191,биофармацевтический,8,биофармацевтический,7,биофармацевтический,7,False,False,True,True,True
192,192,Классификация,6,Классификация,5,Классификация,5,False,False,True,True,True
193,193,телосложение,6,телосложение,5,телосложение,5,False,False,True,True,True
194,194,филологический,6,филологический,6,филологический,6,True,True,True,True,True
195,195,четырнадцатилетие,8,четырнадцатилетие,7,четырнадцатилетие,7,False,False,True,True,True
196,196,колокольчик,4,колокольчик,4,колокольчик,4,True,True,True,True,True
197,197,транспортирования,7,транспортирования,6,транспортирования,6,False,False,True,True,True
198,198,чьи,1,чьи,1,чьи,1,True,True,True,True,True
199,199,логарифмирования,8,логарифмирования,7,логарифмирования,7,False,False,True,True,True
200,200,жёрдочка,3,жёрдочка,3,жёрдочка,3,True,True,True,True,True
201,201,бензиновый,4,бензиновый,4,бензиновый,4,True,True,True,True,True
202,202,юстирование,6,юстирование,5,юстирование,5,False,False,True,True,True
203,203,оборотоспособности,8,оборотоспособности,7,оборотоспособности,8,False,True,False,True,True
204,204,цыплёнок,3,цыплёнок,3,цыплёнок,3,True,True,True,True,True
205,205,листья,2,листья,2,листья,2,True,True,True,True,True
206,206,психоневрологического,9,психоневрологического,8,психоневрологического,9,False,True,False,True,True
207,207,юмористическим,6,юмористическим,6,юмористическим,6,True,True,True,True,True
208,208,экскаваторщик,5,экскаваторщик,5,экскаваторщик,5,True,True,True,True,True
209,209,бровь,1,бровь,1,бровь,1,True,True,True,True,True
210,210,юмористического,7,юмористического,6,юмористического,7,False,True,False,True,True
211,211,ад,1,ад,1,ад,1,True,True,True,True,True
212,212,исследование,6,исследование,5,исследование,5,False,False,True,True,True
213,213,щурится,3,щурится,3,щурится,3,True,True,True,True,True
214,214,злой,1,злой,1,злой,1,True,True,True,True,True
215,215,учитель,3,учитель,3,учитель,3,True,True,True,True,True
216,216,гости,2,гости,2,гости,2,True,True,True,True,True
217,217,произведения,6,произведения,5,произведения,4,False,False,False,True,True
218,218,молния,3,молния,3,молния,2,True,False,False,True,True
219,219,щип,1,щип,1,щип,1,True,True,True,True,True
220,220,гиппопотам,4,гиппопотам,4,гиппопотам,4,True,True,True,True,True
221,221,метеорологических,8,метеорологических,7,метеорологических,7,False,False,True,True,True
222,222,калейдоскоп,4,калейдоскоп,5,калейдоскоп,4,False,True,False,True,True
223,223,хорёк,2,хорёк,2,хорёк,2,True,True,True,True,True
224,224,разливается,5,разливается,4,разливается,4,False,False,True,True,True
225,225,языческие,5,языческие,4,языческие,4,False,False,True,True,True
226,226,анаморфирование,8,анаморфирование,7,анаморфирование,7,False,False,True,True,True
227,227,завтра,2,завтра,2,завтра,2,True,True,True,True,True
228,228,освидетельствования,8,освидетельствования,7,освидетельствования,7,False,False,True,True,True
229,229,Владимировна,5,Владимировна,5,Владимировна,5,True,True,True,True,True
230,230,широковещательность,7,широковещательность,7,широковещательность,7,True,True,True,True,True
231,231,электроэнергии,7,электроэнергии,6,электроэнергии,5,False,False,False,True,True
232,232,желание,4,желание,4,желание,3,True,False,False,True,True
233,233,ямб,1,ямб,1,ямб,1,True,True,True,True,True
234,234,самосовершенствоваться,8,самосовершенствоваться,8,самосовершенствоваться,8,True,True,True,True,True
235,235,цилиндрический,5,цилиндрический,5,цилиндрический,5,True,True,True,True,True
236,236,ей,1,ей,1,ей,1,True,True,True,True,True
237,237,попугаи,4,попугаи,3,попугаи,3,False,False,True,True,True
238,238,неодушевленный,6,неодушевленный,5,неодушевленный,5,False,False,True,True,True
239,239,ухо,2,ухо,2,ухо,2,True,True,True,True,True
240,240,рот,1,рот,1,рот,1,True,True,True,True,True
241,241,кораблестроители,7,кораблестроители,7,кораблестроители,6,True,False,False,True,True
242,242,яркий,2,яркий,2,яркий,2,True,True,True,True,True
243,243,телекоммуникационной,9,телекоммуникационной,8,телекоммуникационной,8,False,False,True,True,True
244,244,Арш,1,Арш,1,Арш,1,True,True,True,True,True
245,245,щупальца,3,щупальца,3,щупальца,3,True,True,True,True,True
246,246,яма,2,яма,2,яма,2,True,True,True,True,True
247,247,чашка,2,чашка,2,чашка,2,True,True,True,True,True
248,248,щепка,2,щепка,2,щепка,2,True,True,True,True,True
249,249,тень,1,тень,1,тень,1,True,True,True,True,True
250,250,забияка,4,забияка,4,забияка,3,True,False,False,True,True
251,251,концентрация,5,концентрация,5,концентрация,4,True,False,False,True,True
252,252,Йокагама,4,Йокагама,4,Йокагама,4,True,True,True,True,True
253,253,энергосберегающий,8,энергосберегающий,7,энергосберегающий,7,False,False,True,True,True
254,254,сказуемое,5,сказуемое,4,сказуемое,3,False,False,False,True,True
255,255,кондиционер,5,кондиционер,5,кондиционер,4,True,False,False,True,True
256,256,коэффициентов,6,коэффициентов,5,коэффициентов,4,False,False,False,True,True
257,257,труднообрабатываемых,9,труднообрабатываемых,7,труднообрабатываемых,7,False,False,True,True,True
258,258,холст,1,холст,1,холст,1,True,True,True,True,True
259,259,материаловедческое,9,материаловедческое,7,материаловедческое,7,False,False,True,True,True
260,260,хозяина,4,хозяина,4,хозяина,3,True,False,False,True,True
261,261,осина,3,осина,3,осина,3,True,True,True,True,True
262,262,лингвистика,4,лингвистика,4,лингвистика,4,True,True,True,True,True
263,263,факел,2,факел,2,факел,2,True,True,True,True,True
264,264,равнодействующую,7,равнодействующую,6,равнодействующую,5,False,False,False,True,True
265,265,Инна,2,Инна,2,Инна,2,True,True,True,True,True
266,266,послеоперационные,9,послеоперационные,7,послеоперационные,6,False,False,False,True,True
267,267,юридическая,6,юридическая,5,юридическая,5,False,False,True,True,True
268,268,шумоподавление,7,шумоподавление,6,шумоподавление,6,False,False,True,True,True
269,269,жёлудь,2,жёлудь,2,жёлудь,2,True,True,True,True,True
270,270,пресмыкающиеся,7,пресмыкающиеся,5,пресмыкающиеся,5,False,False,True,True,True
271,271,третьяковская,5,третьяковская,5,третьяковская,4,True,False,False,True,True
272,272,высокоэнергетических,9,высокоэнергетических,7,высокоэнергетических,8,False,False,False,True,True
273,273,тёплая,3,тёплая,2,тёплая,2,False,False,True,True,True
274,274,регламентирующими,8,регламентирующими,6,регламентирующими,7,False,False,False,True,True
275,275,биотехнологического,9,биотехнологического,7,биотехнологического,8,False,False,False,True,True
276,276,комедия,4,комедия,3,комедия,3,False,False,True,True,True
277,277,фокус,2,фокус,2,фокус,2,True,True,True,True,True
278,278,фотографирующиеся,9,фотографирующиеся,6,фотографирующиеся,7,False,False,False,True,True
279,279,обслуживание,6,обслуживание,5,обслуживание,5,False,False,True,True,True
280,280,заинтересованность,7,заинтересованность,6,заинтересованность,6,False,False,True,True,True
281,281,одиночество,5,одиночество,4,одиночество,5,False,True,False,True,True
282,282,зубр,1,зубр,1,зубр,1,True,True,True,True,True
283,283,жемчужина,4,жемчужина,3,жемчужина,4,False,True,False,True,True
284,284,культурноисторическими,9,культурноисторическими,8,культурноисторическими,8,False,False,True,True,True
285,285,черносмородиновое,8,черносмородиновое,7,черносмородиновое,7,False,False,True,True,True
286,286,чиж,1,чиж,1,чиж,1,True,True,True,True,True
287,287,южноамериканец,7,южноамериканец,6,южноамериканец,6,False,False,True,True,True
288,288,Великобритания,7,Великобритания,6,Великобритания,6,False,False,True,True,True
289,289,гидроизолирующие,9,гидроизолирующие,7,гидроизолирующие,6,False,False,False,True,True
290,290,четырехугольнике,7,четырехугольнике,6,четырехугольнике,7,False,True,False,True,True
291,291,украшения,5,украшения,4,украшения,4,False,False,True,True,True
292,292,галстук,2,галстук,2,галстук,2,True,True,True,True,True
293,293,путешествие,5,путешествие,4,путешествие,4,False,False,True,True,True
294,294,шишки,2,шишки,2,шишки,2,True,True,True,True,True
295,295,головокружительным,7,головокружительным,7,головокружительным,7,True,True,True,True,True
296,296,замерзающего,6,замерзающего,5,замерзающего,5,False,False,True,True,True
297,297,муниципального,6,муниципального,5,муниципального,6,False,True,False,True,True
298,298,характеристическими,8,характеристическими,7,характеристическими,8,False,True,False,True,True
299,299,объезд,2,объезд,2,объезд,2,True,True,True,True,True
300,300,щиколотка,4,щиколотка,4,щиколотка,4,True,True,True,True,True
301,301,хореографические,8,хореографические,6,хореографические,6,False,False,True,True,True
302,302,рассказывает,5,рассказывает,4,рассказывает,4,False,False,True,True,True
303,303,заявление,5,заявление,4,заявление,3,False,False,False,True,True
304,304,Гагарина,4,Гагарина,4,Гагарина,4,True,True,True,True,True
305,305,деревня,3,деревня,3,деревня,3,True,True,True,True,True
306,306,скорая,3,скорая,3,скорая,2,True,False,False,True,True
307,307,Йемен,2,Йемен,2,Йемен,2,True,True,True,True,True
308,308,жизнедеятельность,6,жизнедеятельность,6,жизнедеятельность,5,True,False,False,True,True
309,309,испугала,4,испугала,3,испугала,4,False,True,False,True,True
310,310,воробьиное,5,воробьиное,4,воробьиное,4,False,False,True,True,True
311,311,администрирование,8,администрирование,7,администрирование,7,False,False,True,True,True
312,312,олимпиада,5,олимпиада,4,олимпиада,4,False,False,True,True,True
313,313,шарикоподшипник,6,шарикоподшипник,6,шарикоподшипник,6,True,True,True,True,True
314,314,комбинированный,6,комбинированный,5,комбинированный,6,False,True,False,True,True
315,315,очень,2,очень,2,очень,2,True,True,True,True,True
316,316,Ил,1,Ил,1,Ил,1,True,True,True,True,True
317,317,трость,1,трость,1,трость,1,True,True,True,True,True
318,318,документооборота,8,документооборота,6,документооборота,7,False,False,False,True,True
319,319,носорог,3,носорог,3,носорог,3,True,True,True,True,True
320,320,Америка,4,Америка,4,Америка,4,True,True,True,True,True
321,321,могущественный,5,могущественный,5,могущественный,5,True,True,True,True,True
322,322,ломоносовская,6,ломоносовская,5,ломоносовская,5,False,False,True,True,True
323,323,церемония,5,церемония,4,церемония,4,False,False,True,True,True
324,324,ультрафиолетового,8,ультрафиолетового,7,ультрафиолетового,7,False,False,True,True,True
325,325,здравствуй,2,здравствуй,2,здравствуй,2,True,True,True,True,True
326,326,сковорода,4,сковорода,4,сковорода,4,True,True,True,True,True
327,327,художественной,5,художественной,5,художественной,5,True,True,True,True,True
328,328,эксплуатационная,8,эксплуатационная,7,эксплуатационная,5,False,False,False,True,True
329,329,ёжился,3,ёжился,2,ёжился,3,False,True,False,True,True
330,330,Элла,2,Элла,2,Элла,2,True,True,True,True,True
331,331,оперуполномоченного,9,оперуполномоченного,7,оперуполномоченного,9,False,True,False,True,True
332,332,юриспруденция,6,юриспруденция,5,юриспруденция,5,False,False,True,True,True
333,333,тепломеханического,8,тепломеханического,7,тепломеханического,8,False,True,False,True,True
334,334,соловьи,3,соловьи,3,соловьи,3,True,True,True,True,True
335,335,характеризовалась,7,характеризовалась,6,характеризовалась,7,False,True,False,True,True
336,336,ай,1,ай,1,ай,1,True,True,True,True,True
337,337,ножницами,4,ножницами,3,ножницами,4,False,True,False,True,True
338,338,осень,2,осень,2,осень,2,True,True,True,True,True
339,339,размышления,5,размышления,4,размышления,4,False,False,True,True,True
340,340,лиловые,4,лиловые,3,лиловые,3,False,False,True,True,True
341,341,его,2,его,2,его,2,True,True,True,True,True
342,342,энциклопедия,6,энциклопедия,5,энциклопедия,5,False,False,True,True,True
343,343,чересполосица,6,чересполосица,5,чересполосица,6,False,True,False,True,True
344,344,классная,3,классная,3,классная,2,True,False,False,True,True
345,345,март,1,март,1,март,1,True,True,True,True,True
346,346,чудеса,3,чудеса,3,чудеса,3,True,True,True,True,True
347,347,трудолюбивый,5,трудолюбивый,5,трудолюбивый,5,True,True,True,True,True
348,348,фортуна,3,фортуна,3,фортуна,3,True,True,True,True,True
349,349,карандаши,4,карандаши,4,карандаши,4,True,True,True,True,True
350,350,шиповник,3,шиповник,3,шиповник,3,True,True,True,True,True
351,351,жизнеобеспечения,8,жизнеобеспечения,7,жизнеобеспечения,6,False,False,False,True,True
352,352,ест,1,ест,1,ест,1,True,True,True,True,True
353,353,инициатива,6,инициатива,5,инициатива,5,False,False,True,True,True
354,354,ик,1,ик,1,ик,1,True,True,True,True,True
355,355,производительности,7,производительности,6,производительности,6,False,False,True,True,True
356,356,хлопья,2,хлопья,2,хлопья,2,True,True,True,True,True
357,357,металлический,5,металлический,5,металлический,5,True,True,True,True,True
358,358,рельсы,2,рельсы,2,рельсы,2,True,True,True,True,True
359,359,окно,2,окно,2,окно,2,True,True,True,True,True
360,360,заимствованные,6,заимствованные,5,заимствованные,4,False,False,False,True,True
361,361,йотированный,5,йотированный,5,йотированный,5,True,True,True,True,True
362,362,варенье,3,варенье,3,варенье,3,True,True,True,True,True
363,363,являющихся,5,являющихся,4,являющихся,4,False,False,True,True,True
364,364,лайка,2,лайка,2,лайка,2,True,True,True,True,True
365,365,художественного,6,художественного,5,художественного,6,False,True,False,True,True
366,366,щелк,1,щелк,1,щелк,1,True,True,True,True,True
367,367,деревьев,3,деревьев,3,деревьев,3,True,True,True,True,True
368,368,лиственница,4,лиственница,4,лиственница,4,True,True,True,True,True
369,369,арбуз,2,арбуз,2,арбуз,2,True,True,True,True,True
370,370,воочию,4,воочию,3,воочию,2,False,False,False,True,True
371,371,возникновение,6,возникновение,5,возникновение,5,False,False,True,True,True
372,372,удовлетворительное,8,удовлетворительное,7,удовлетворительное,7,False,False,True,True,True
373,373,соответствующего,7,соответствующего,6,соответствующего,5,False,False,False,True,True
374,374,хозяйство,3,хозяйство,3,хозяйство,3,True,True,True,True,True
375,375,серебряные,5,серебряные,4,серебряные,4,False,False,True,True,True
376,376,физиологическим,7,физиологическим,6,физиологическим,6,False,False,True,True,True
377,377,микробиологическая,9,микробиологическая,7,микробиологическая,7,False,False,True,True,True
378,378,функционированное,8,функционированное,6,функционированное,6,False,False,True,True,True
379,379,ёлкин,2,ёлкин,2,ёлкин,2,True,True,True,True,True
380,380,шероховатости,6,шероховатости,5,шероховатости,6,False,True,False,True,True
381,381,интеллектуальный,6,интеллектуальный,6,интеллектуальный,5,True,False,False,True,True
382,382,хозяин,3,хозяин,3,хозяин,2,True,False,False,True,True
383,383,брат,1,брат,1,брат,1,True,True,True,True,True
384,384,шкаф,1,шкаф,1,шкаф,1,True,True,True,True,True
385,385,оружие,4,оружие,3,оружие,3,False,False,True,True,True
386,386,белочка,3,белочка,3,белочка,3,True,True,True,True,True
387,387,любознательный,5,любознательный,5,любознательный,5,True,True,True,True,True
388,388,усовершенствование,8,усовершенствование,7,усовершенствование,7,False,False,True,True,True
389,389,дифференциальные,7,дифференциальные,6,дифференциальные,5,False,False,False,True,True
390,390,многообещающая,8,многообещающая,6,многообещающая,5,False,False,False,True,True
391,391,заокеанский,5,заокеанский,5,заокеанский,3,True,False,False,True,True
392,392,Йорк,1,Йорк,1,Йорк,1,True,True,True,True,True
393,393,канализационные,8,канализационные,6,канализационные,6,False,False,True,True,True
394,394,Гастрономия,5,Гастрономия,5,Гастрономия,4,True,False,False,True,True
395,395,электроизмерительные,9,электроизмерительные,7,электроизмерительные,7,False,False,True,True,True
396,396,иллюзия,4,иллюзия,3,иллюзия,3,False,False,True,True,True
397,397,Ира,2,Ира,2,Ира,2,True,True,True,True,True
398,398,геополитического,8,геополитического,6,геополитического,7,False,False,False,True,True
399,399,юмористическое,7,юмористическое,5,юмористическое,6,False,False,False,True,True
400,400,флот,1,флот,1,флот,1,True,True,True,True,True
401,401,Щелкунчики,4,Щелкунчики,4,Щелкунчики,4,True,True,True,True,True
402,402,пять,1,пять,1,пять,1,True,True,True,True,True
403,403,величавый,4,величавый,4,величавый,4,True,True,True,True,True
404,404,эпидемиология,8,эпидемиология,6,эпидемиология,6,False,False,True,True,True
405,405,цепь,1,цепь,1,цепь,1,True,True,True,True,True
406,406,девочки,3,девочки,2,девочки,3,False,True,False,True,True
407,407,жёлтые,3,жёлтые,2,жёлтые,2,False,False,True,True,True
408,408,распространение,6,распространение,5,распространение,5,False,False,True,True,True
409,409,экология,5,экология,4,экология,4,False,False,True,True,True
410,410,контрреволюционный,7,контрреволюционный,7,контрреволюционный,6,True,False,False,True,True
411,411,биография,5,биография,4,биография,3,False,False,False,True,True
412,412,экономика,5,экономика,4,экономика,5,False,True,False,True,True
413,413,фамилия,4,фамилия,3,фамилия,3,False,False,True,True,True
414,414,ситуация,5,ситуация,4,ситуация,3,False,False,False,True,True
415,415,общеобразовательное,9,общеобразовательное,7,общеобразовательное,7,False,False,True,True,True
416,416,ябеда,3,ябеда,3,ябеда,3,True,True,True,True,True
417,417,четырьмястами,5,четырьмястами,5,четырьмястами,5,True,True,True,True,True
418,418,шахтостроительного,7,шахтостроительного,7,шахтостроительного,6,True,False,False,True,True
419,419,люк,1,люк,1,люк,1,True,True,True,True,True
420,420,блокообрабатывающий,9,блокообрабатывающий,7,блокообрабатывающий,7,False,False,True,True,True
421,421,царапина,4,царапина,4,царапина,4,True,True,True,True,True
422,422,электричка,4,электричка,4,электричка,4,True,True,True,True,True
423,423,самореализация,8,самореализация,6,самореализация,6,False,False,True,True,True
424,424,цвет,1,цвет,1,цвет,1,True,True,True,True,True
425,425,тщеславие,4,тщеславие,4,тщеславие,3,True,False,False,True,True
426,426,азбука,3,азбука,3,азбука,3,True,True,True,True,True
427,427,большая,3,большая,3,большая,2,True,False,False,True,True
428,428,белоснежная,5,белоснежная,4,белоснежная,4,False,False,True,True,True
429,429,распределение,6,распределение,5,распределение,5,False,False,True,True,True
430,430,воробьиный,4,воробьиный,4,воробьиный,4,True,True,True,True,True
431,431,якорь,2,якорь,2,якорь,2,True,True,True,True,True
432,432,воскресенье,4,воскресенье,4,воскресенье,4,True,True,True,True,True
433,433,красный,2,красный,2,красный,2,True,True,True,True,True
434,434,физиология,6,физиология,5,физиология,4,False,False,False,True,True
435,435,рационализированной,9,рационализированной,7,рационализированной,8,False,False,False,True,True
436,436,единообразия,7,единообразия,6,единообразия,5,False,False,False,True,True
437,437,война,2,война,2,война,2,True,True,True,True,True
438,438,цветочная,4,цветочная,3,цветочная,3,False,False,True,True,True
439,439,мак,1,мак,1,мак,1,True,True,True,True,True
440,440,кастрюля,3,кастрюля,3,кастрюля,3,True,True,True,True,True
441,441,лесообрабатывающей,9,лесообрабатывающей,7,лесообрабатывающей,7,False,False,True,True,True
442,442,исторический,5,исторический,5,исторический,5,True,True,True,True,True
443,443,жевачка,3,жевачка,3,жевачка,3,True,True,True,True,True
444,444,стихотворение,6,стихотворение,5,стихотворение,5,False,False,True,True,True
445,445,функциональные,6,функциональные,5,функциональные,4,False,False,False,True,True
446,446,высказывание,6,высказывание,5,высказывание,5,False,False,True,True,True
447,447,употребление,6,употребление,5,употребление,5,False,False,True,True,True
448,448,щупание,4,щупание,3,щупание,3,False,False,True,True,True
449,449,юркий,2,юркий,2,юркий,2,True,True,True,True,True
450,450,здание,3,здание,3,здание,2,True,False,False,True,True
451,451,завораживающая,8,завораживающая,6,завораживающая,6,False,False,True,True,True
452,452,характеризовать,6,характеризовать,6,характеризовать,6,True,True,True,True,True
453,453,однопараметрическую,9,однопараметрическую,7,однопараметрическую,8,False,False,False,True,True
454,454,Украина,4,Украина,3,Украина,3,False,False,True,True,True
455,455,школа,2,школа,2,школа,2,True,True,True,True,True
456,456,Эльф,1,Эльф,1,Эльф,1,True,True,True,True,True
457,457,цетрализованная,7,цетрализованная,6,цетрализованная,6,False,False,True,True,True
458,458,свёкла,2,свёкла,2,свёкла,2,True,True,True,True,True
459,459,апельсиновый,5,апельсиновый,5,апельсиновый,5,True,True,True,True,True
460,460,счастливый,3,счастливый,3,счастливый,3,True,True,True,True,True
461,461,биологическая,7,биологическая,5,биологическая,5,False,False,True,True,True
462,462,штабелирование,7,штабелирование,6,штабелирование,6,False,False,True,True,True
463,463,Обозначающие,7,Обозначающие,5,Обозначающие,5,False,False,True,True,True
464,464,физиотерапия,7,физиотерапия,5,физиотерапия,5,False,False,True,True,True
465,465,жать,1,жать,1,жать,1,True,True,True,True,True
466,466,ждать,1,ждать,1,ждать,1,True,True,True,True,True
467,467,удовлетворяющие,8,удовлетворяющие,6,удовлетворяющие,6,False,False,True,True,True
468,468,достопримечательность,7,достопримечательность,7,достопримечательность,7,True,True,True,True,True
469,469,иль,1,иль,1,иль,1,True,True,True,True,True
470,470,шаромоделирование,9,шаромоделирование,7,шаромоделирование,8,False,False,False,True,True
471,471,оранжевый,4,оранжевый,3,оранжевый,4,False,True,False,True,True
472,472,электродинамический,8,электродинамический,7,электродинамический,8,False,True,False,True,True
473,473,самопожертвование,8,самопожертвование,6,самопожертвование,7,False,False,False,True,True
474,474,территория,5,территория,4,территория,4,False,False,True,True,True
475,475,изготавливается,7,изготавливается,5,изготавливается,6,False,False,False,True,True
476,476,Дюймовочка,4,Дюймовочка,4,Дюймовочка,4,True,True,True,True,True
477,477,майский,2,майский,2,майский,2,True,True,True,True,True
478,478,заводоуправление,8,заводоуправление,7,заводоуправление,6,False,False,False,True,True
479,479,ученик,3,ученик,3,ученик,3,True,True,True,True,True
480,480,лекарственные,5,лекарственные,4,лекарственные,4,False,False,True,True,True
481,481,характеристика,6,характеристика,5,характеристика,6,False,True,False,True,True
482,482,врач,1,врач,1,врач,1,True,True,True,True,True
483,483,зелёные,4,зелёные,3,зелёные,3,False,False,True,True,True
484,484,вместе,2,вместе,2,вместе,2,True,True,True,True,True
485,485,документационные,8,документационные,6,документационные,6,False,False,True,True,True
486,486,засухоустойчивая,8,засухоустойчивая,6,засухоустойчивая,6,False,False,True,True,True
487,487,местоимение,6,местоимение,4,местоимение,4,False,False,True,True,True
488,488,орех,2,орех,2,орех,2,True,True,True,True,True
489,489,единовременный,6,единовременный,5,единовременный,6,False,True,False,True,True
490,490,млекопитающие,7,млекопитающие,5,млекопитающие,5,False,False,True,True,True
491,491,шелестит,3,шелестит,3,шелестит,3,True,True,True,True,True
492,492,завораживающее,8,завораживающее,6,завораживающее,6,False,False,True,True,True
493,493,шиномонтаж,4,шиномонтаж,4,шиномонтаж,4,True,True,True,True,True
494,494,машина,3,машина,3,машина,3,True,True,True,True,True
495,495,гидроэлектростанциями,9,гидроэлектростанциями,8,гидроэлектростанциями,7,False,False,False,True,True
496,496,ежеквартально,5,ежеквартально,5,ежеквартально,5,True,True,True,True,True
497,497,часовой,3,часовой,3,часовой,3,True,True,True,True,True
498,498,дорожки,3,дорожки,3,дорожки,3,True,True,True,True,True
499,499,неотремонтированных,8,неотремонтированных,7,неотремонтированных,7,False,False,True,True,True
500,500,Юрмала,3,Юрмала,3,Юрмала,3,True,True,True,True,True
501,501,фикция,3,фикция,2,фикция,2,False,False,True,True,True
502,502,яйцерождение,6,яйцерождение,5,яйцерождение,5,False,False,True,True,True
503,503,физиологического,8,физиологического,6,физиологического,7,False,False,False,True,True
504,504,беспокоиться,5,беспокоиться,4,беспокоиться,4,False,False,True,True,True
505,505,идеализированная,9,идеализированная,7,идеализированная,7,False,False,True,True,True
506,506,асимметрия,5,асимметрия,5,асимметрия,4,True,False,False,True,True
507,507,честь,1,честь,1,честь,1,True,True,True,True,True
508,508,муравей,3,муравей,3,муравей,3,True,True,True,True,True
509,509,характеризующимся,8,характеризующимся,6,характеризующимся,7,False,False,False,True,True
510,510,жильё,2,жильё,2,жильё,2,True,True,True,True,True
511,511,нововведение,6,нововведение,5,нововведение,5,False,False,True,True,True
512,512,необыкновенная,7,необыкновенная,6,необыкновенная,5,False,False,False,True,True
513,513,рассвет,2,рассвет,2,рассвет,2,True,True,True,True,True
514,514,Евгения,4,Евгения,4,Евгения,3,True,False,False,True,True
515,515,настоящее,5,настоящее,4,настоящее,3,False,False,False,True,True
516,516,Экологические,7,Экологические,6,Экологические,6,False,False,True,True,True
517,517,ежи,2,ежи,2,ежи,2,True,True,True,True,True
518,518,Жанна,2,Жанна,2,Жанна,2,True,True,True,True,True
519,519,администратор,5,администратор,6,администратор,5,False,True,False,True,True
520,520,единовременно,6,единовременно,6,единовременно,6,True,True,True,True,True
521,521,Юля,2,Юля,2,Юля,2,True,True,True,True,True
522,522,труд,1,труд,1,труд,1,True,True,True,True,True
523,523,юродивый,4,юродивый,4,юродивый,4,True,True,True,True,True
524,524,ёмкий,2,ёмкий,2,ёмкий,2,True,True,True,True,True
525,525,закончилось,4,закончилось,4,закончилось,4,True,True,True,True,True
526,526,кость,1,кость,1,кость,1,True,True,True,True,True
527,527,мероприятия,6,мероприятия,5,мероприятия,4,False,False,False,True,True
528,528,Хорватия,4,Хорватия,4,Хорватия,3,True,False,False,True,True
529,529,гладиолусы,5,гладиолусы,5,гладиолусы,4,True,False,False,True,True
530,530,самообследование,8,самообследование,7,самообследование,6,False,False,False,True,True
531,531,сыроежка,4,сыроежка,3,сыроежка,3,False,False,True,True,True
532,532,железнодорожное,7,железнодорожное,6,железнодорожное,6,False,False,True,True,True
533,533,зной,1,зной,1,зной,1,True,True,True,True,True
534,534,радиоприёмник,6,радиоприёмник,5,радиоприёмник,4,False,False,False,True,True
535,535,ромашка,3,ромашка,3,ромашка,3,True,True,True,True,True
536,536,демилитаризованную,9,демилитаризованную,8,демилитаризованную,8,False,False,True,True,True
537,537,крот,1,крот,1,крот,1,True,True,True,True,True
538,538,из,1,из,1,из,1,True,True,True,True,True
539,539,ель,1,ель,1,ель,1,True,True,True,True,True
540,540,геометрические,7,геометрические,6,геометрические,5,False,False,False,True,True
541,541,зарядка,3,зарядка,3,зарядка,3,True,True,True,True,True
542,542,отечество,4,отечество,4,отечество,4,True,True,True,True,True
543,543,одуванчик,4,одуванчик,3,одуванчик,4,False,True,False,True,True
544,544,идолопоклонниками,8,идолопоклонниками,7,идолопоклонниками,8,False,True,False,True,True
545,545,есть,1,есть,1,есть,1,True,True,True,True,True
546,546,январь,2,январь,2,январь,2,True,True,True,True,True
547,547,федерации,5,федерации,5,федерации,4,True,False,False,True,True
548,548,хор,1,хор,1,хор,1,True,True,True,True,True
549,549,деревьях,3,деревьях,3,деревьях,3,True,True,True,True,True
550,550,апрельский,3,апрельский,4,апрельский,3,False,True,False,True,True
551,551,книга,2,книга,2,книга,2,True,True,True,True,True
552,552,чудесное,4,чудесное,4,чудесное,3,True,False,False,True,True
553,553,рассредоточение,7,рассредоточение,6,рассредоточение,6,False,False,True,True,True
554,554,специализированный,8,специализированный,7,специализированный,7,False,False,True,True,True
555,555,електрохымзахисту,7,електрохымзахисту,7,електрохымзахисту,7,True,True,True,True,True
556,556,Иваново,4,Иваново,4,Иваново,4,True,True,True,True,True
557,557,пушистый,3,пушистый,3,пушистый,3,True,True,True,True,True
558,558,одноклассники,5,одноклассники,5,одноклассники,5,True,True,True,True,True
559,559,вьюн,1,вьюн,1,вьюн,1,True,True,True,True,True
560,560,электровибрационные,9,электровибрационные,8,электровибрационные,7,False,False,False,True,True
561,561,йэ,1,йэ,1,йэ,1,True,True,True,True,True
562,562,семья,2,семья,2,семья,2,True,True,True,True,True
563,563,Яковлевича,5,Яковлевича,5,Яковлевича,5,True,True,True,True,True
564,564,самообладание,7,самообладание,6,самообладание,5,False,False,False,True,True
565,565,лужайка,3,лужайка,3,лужайка,3,True,True,True,True,True
566,566,бассейн,2,бассейн,2,бассейн,2,True,True,True,True,True
567,567,Произведение,6,Произведение,5,Произведение,4,False,False,False,True,True
568,568,неудовлетворительный,8,неудовлетворительный,8,неудовлетворительный,7,True,False,False,True,True
569,569,наименование,7,наименование,5,наименование,5,False,False,True,True,True
570,570,муравьишка,4,муравьишка,4,муравьишка,4,True,True,True,True,True
571,571,ласточка,3,ласточка,3,ласточка,3,True,True,True,True,True
572,572,характеризующего,8,характеризующего,6,характеризующего,7,False,False,False,True,True
573,573,дождь,1,дождь,1,дождь,1,True,True,True,True,True
574,574,неудовлетворительно,8,неудовлетворительно,7,неудовлетворительно,7,False,False,True,True,True
575,575,ребята,3,ребята,3,ребята,3,True,True,True,True,True
576,576,диагностируемого,8,диагностируемого,6,диагностируемого,6,False,False,True,True,True
577,577,хлобчатобумажная,7,хлобчатобумажная,6,хлобчатобумажная,6,False,False,True,True,True
578,578,государственную,6,государственную,5,государственную,5,False,False,True,True,True
579,579,фрак,1,фрак,1,фрак,1,True,True,True,True,True
580,580,хоть,1,хоть,1,хоть,1,True,True,True,True,True
581,581,конкурентноспособностью,8,конкурентноспособностью,8,конкурентноспособностью,8,True,True,True,True,True
582,582,благоустройство,5,благоустройство,5,благоустройство,4,True,False,False,True,True
583,583,тарелка,3,тарелка,3,тарелка,3,True,True,True,True,True
584,584,баллистокардиография,9,баллистокардиография,9,баллистокардиография,7,True,False,False,True,True
585,585,четырёхугольника,7,четырёхугольника,6,четырёхугольника,7,False,True,False,True,True
586,586,морковь,2,морковь,2,морковь,2,True,True,True,True,True
587,587,обезьяна,4,обезьяна,4,обезьяна,4,True,True,True,True,True
588,588,воробьи,3,воробьи,3,воробьи,3,True,True,True,True,True
589,589,электромеханический,8,электромеханический,7,электромеханический,8,False,True,False,True,True
590,590,фломастер,3,фломастер,3,фломастер,3,True,True,True,True,True
591,591,животноводческих,6,животноводческих,6,животноводческих,6,True,True,True,True,True
592,592,взгляд,1,взгляд,2,взгляд,1,False,True,False,True,True
593,593,жизнерадостность,5,жизнерадостность,6,жизнерадостность,5,False,True,False,True,True
594,594,Ас,1,Ас,1,Ас,1,True,True,True,True,True
595,595,являющимися,6,являющимися,5,являющимися,5,False,False,True,True,True
596,596,налогообложения,8,налогообложения,6,налогообложения,6,False,False,True,True,True
597,597,жизнеутверждающий,7,жизнеутверждающий,6,жизнеутверждающий,5,False,False,False,True,True
598,598,взаимопонимание,8,взаимопонимание,6,взаимопонимание,6,False,False,True,True,True
599,599,территориальный,6,территориальный,6,территориальный,5,True,False,False,True,True
600,600,живописное,5,живописное,4,живописное,4,False,False,True,True,True
601,601,здравоохранения,7,здравоохранения,6,здравоохранения,5,False,False,False,True,True
602,602,яркая,3,яркая,3,яркая,2,True,False,False,True,True
603,603,авиационный,6,авиационный,5,авиационный,4,False,False,False,True,True
604,604,художественная,6,художественная,5,художественная,5,False,False,True,True,True
605,605,характеристиками,7,характеристиками,6,характеристиками,7,False,True,False,True,True
606,606,высокопревосходительство,9,высокопревосходительство,9,высокопревосходительство,9,True,True,True,True,True
607,607,индивидуализировать,9,индивидуализировать,8,индивидуализировать,8,False,False,True,True,True
608,608,банан,2,банан,2,банан,2,True,True,True,True,True
609,609,риск,1,риск,1,риск,1,True,True,True,True,True
610,610,камнеобрабатывающий,9,камнеобрабатывающий,7,камнеобрабатывающий,7,False,False,True,True,True
611,611,огонь,2,огонь,2,огонь,2,True,True,True,True,True
612,612,чаепитие,5,чаепитие,4,чаепитие,3,False,False,False,True,True
613,613,играю,3,играю,3,играю,2,True,False,False,True,True
614,614,социалистическая,8,социалистическая,6,социалистическая,6,False,False,True,True,True
615,615,этаж,2,этаж,2,этаж,2,True,True,True,True,True
616,616,звёзды,2,звёзды,2,звёзды,2,True,True,True,True,True
617,617,туфли,2,туфли,2,туфли,2,True,True,True,True,True
618,618,соревнования,6,соревнования,5,соревнования,5,False,False,True,True,True
619,619,фестиваль,3,фестиваль,3,фестиваль,3,True,True,True,True,True
620,620,администрация,6,администрация,6,администрация,5,True,False,False,True,True
621,621,достопримечательностям,8,достопримечательностям,7,достопримечательностям,8,False,True,False,True,True
622,622,убаюкивает,6,убаюкивает,5,убаюкивает,4,False,False,False,True,True
623,623,Япония,4,Япония,3,Япония,3,False,False,True,True,True
624,624,единовременное,7,единовременное,6,единовременное,6,False,False,True,True,True
625,625,восточнославянская,7,восточнославянская,7,восточнославянская,6,True,False,False,True,True
626,626,головокружение,7,головокружение,6,головокружение,6,False,False,True,True,True
627,627,завтрак,2,завтрак,2,завтрак,2,True,True,True,True,True
628,628,ясновидящие,6,ясновидящие,5,ясновидящие,5,False,False,True,True,True
629,629,головокружительная,8,головокружительная,7,головокружительная,7,False,False,True,True,True
630,630,соединение,6,соединение,5,соединение,4,False,False,False,True,True
631,631,грамматика,4,грамматика,4,грамматика,4,True,True,True,True,True
632,632,руль,1,руль,1,руль,1,True,True,True,True,True
633,633,гидроэнергетические,9,гидроэнергетические,7,гидроэнергетические,7,False,False,True,True,True
634,634,жеребёнок,4,жеребёнок,3,жеребёнок,4,False,True,False,True,True
635,635,государственного,6,государственного,5,государственного,6,False,True,False,True,True
636,636,обществознание,6,обществознание,5,обществознание,5,False,False,True,True,True
637,637,удочка,3,удочка,3,удочка,3,True,True,True,True,True
638,638,жизнерадостный,5,жизнерадостный,5,жизнерадостный,5,True,True,True,True,True
639,639,направление,5,направление,4,направление,4,False,False,True,True,True
640,640,хруст,1,хруст,1,хруст,1,True,True,True,True,True
641,641,ягуар,3,ягуар,2,ягуар,2,False,False,True,True,True
642,642,рысь,1,рысь,1,рысь,1,True,True,True,True,True
643,643,Екатеринбургскую,7,Екатеринбургскую,6,Екатеринбургскую,6,False,False,True,True,True
644,644,дрозд,1,дрозд,1,дрозд,1,True,True,True,True,True
645,645,голубь,2,голубь,2,голубь,2,True,True,True,True,True
646,646,формирования,6,формирования,5,формирования,5,False,False,True,True,True
647,647,шиномонтажные,6,шиномонтажные,5,шиномонтажные,5,False,False,True,True,True
648,648,Евгений,3,Евгений,3,Евгений,3,True,True,True,True,True
649,649,облако,3,облако,3,облако,3,True,True,True,True,True
650,650,ненастье,3,ненастье,3,ненастье,3,True,True,True,True,True
651,651,бактерионосительство,8,бактерионосительство,7,бактерионосительство,7,False,False,True,True,True
652,652,трамвай,2,трамвай,2,трамвай,2,True,True,True,True,True
653,653,работоспособность,6,работоспособность,6,работоспособность,6,True,True,True,True,True
654,654,иней,2,иней,2,иней,2,True,True,True,True,True
655,655,идеальный,4,идеальный,4,идеальный,3,True,False,False,True,True
656,656,коммунистическая,7,коммунистическая,6,коммунистическая,6,False,False,True,True,True
657,657,сельскохозяйственного,7,сельскохозяйственного,7,сельскохозяйственного,7,True,True,True,True,True
658,658,ходатайство,4,ходатайство,4,ходатайство,4,True,True,True,True,True
659,659,некристаллизирующийся,9,некристаллизирующийся,8,некристаллизирующийся,8,False,False,True,True,True
660,660,ещё,2,ещё,1,ещё,2,False,True,False,True,True
661,661,неожиданно,5,неожиданно,4,неожиданно,4,False,False,True,True,True
662,662,деньки,2,деньки,2,деньки,2,True,True,True,True,True
663,663,аист,2,аист,1,аист,1,False,False,True,True,True
664,664,хлопотливый,4,хлопотливый,4,хлопотливый,4,True,True,True,True,True
665,665,красноармейская,6,красноармейская,5,красноармейская,4,False,False,False,True,True
666,666,заасфальтировать,6,заасфальтировать,6,заасфальтировать,5,True,False,False,True,True
667,667,бетонирование,7,бетонирование,5,бетонирование,6,False,False,False,True,True
668,668,игла,2,игла,2,игла,2,True,True,True,True,True
669,669,добросовестный,5,добросовестный,5,добросовестный,5,True,True,True,True,True
670,670,фарш,1,фарш,1,фарш,1,True,True,True,True,True
671,671,регистрационный,6,регистрационный,6,регистрационный,5,True,False,False,True,True
672,672,чистописание,6,чистописание,5,чистописание,5,False,False,True,True,True
673,673,пластилин,3,пластилин,3,пластилин,3,True,True,True,True,True
674,674,Москва,2,Москва,2,Москва,2,True,True,True,True,True
675,675,щавелевый,4,щавелевый,4,щавелевый,4,True,True,True,True,True
676,676,ферзь,1,ферзь,1,ферзь,1,True,True,True,True,True
677,677,ос,1,ос,1,ос,1,True,True,True,True,True
678,678,автовеломотогонки,8,автовеломотогонки,7,автовеломотогонки,8,False,True,False,True,True
679,679,авианавигационный,9,авианавигационный,7,авианавигационный,7,False,False,True,True,True
680,680,профориентационную,9,профориентационную,7,профориентационную,6,False,False,False,True,True
681,681,радиопеленгаторная,9,радиопеленгаторная,7,радиопеленгаторная,7,False,False,True,True,True
682,682,зарегистрировано,7,зарегистрировано,6,зарегистрировано,7,False,True,False,True,True
683,683,йодом,2,йодом,2,йодом,2,True,True,True,True,True
684,684,хозяйственный,4,хозяйственный,4,хозяйственный,4,True,True,True,True,True
685,685,шестиугольник,5,шестиугольник,5,шестиугольник,4,True,False,False,True,True
686,686,автоаннотирование,9,автоаннотирование,7,автоаннотирование,7,False,False,True,True,True
687,687,портфель,2,портфель,2,портфель,2,True,True,True,True,True
688,688,билетопечатающий,8,билетопечатающий,6,билетопечатающий,7,False,False,False,True,True
689,689,неспециализированных,9,неспециализированных,7,неспециализированных,8,False,False,False,True,True
690,690,искусство,3,искусство,3,искусство,3,True,True,True,True,True
691,691,щеткой,2,щеткой,2,щеткой,2,True,True,True,True,True
692,692,юбиляра,4,юбиляра,4,юбиляра,4,True,True,True,True,True
693,693,рожь,1,рожь,1,рожь,1,True,True,True,True,True
694,694,шарф,1,шарф,1,шарф,1,True,True,True,True,True
695,695,поздравляю,4,поздравляю,4,поздравляю,3,True,False,False,True,True
696,696,изобилия,5,изобилия,4,изобилия,4,False,False,True,True,True
697,697,общеобразовательная,9,общеобразовательная,7,общеобразовательная,7,False,False,True,True,True
698,698,цилиндрическая,6,цилиндрическая,5,цилиндрическая,5,False,False,True,True,True
699,699,лидирующие,6,лидирующие,5,лидирующие,4,False,False,False,True,True
700,700,местонахождение,7,местонахождение,6,местонахождение,6,False,False,True,True,True
701,701,смотрит,2,смотрит,3,смотрит,2,False,True,False,True,True
702,702,фонарь,2,фонарь,2,фонарь,2,True,True,True,True,True
703,703,акация,4,акация,4,акация,3,True,False,False,True,True
704,704,флюорография,6,флюорография,5,флюорография,4,False,False,False,True,True
705,705,красиваядолгое,7,красиваядолгое,6,красиваядолгое,5,False,False,False,True,True
706,706,единожды,4,единожды,4,единожды,4,True,True,True,True,True
707,707,энциклопедическое,8,энциклопедическое,7,энциклопедическое,7,False,False,True,True,True
708,708,шёлковая,4,шёлковая,3,шёлковая,3,False,False,True,True,True
709,709,благоприятствовать,6,благоприятствовать,6,благоприятствовать,5,True,False,False,True,True
710,710,ночь,1,ночь,1,ночь,1,True,True,True,True,True
711,711,безукоризненно,6,безукоризненно,6,безукоризненно,6,True,True,True,True,True
712,712,тетрадь,2,тетрадь,2,тетрадь,2,True,True,True,True,True
713,713,железнодорожный,6,железнодорожный,5,железнодорожный,6,False,True,False,True,True
714,714,благополучие,6,благополучие,5,благополучие,5,False,False,True,True,True
715,715,представление,5,представление,5,представление,4,True,False,False,True,True
716,716,немалозначимую,7,немалозначимую,6,немалозначимую,6,False,False,True,True,True
717,717,дупло,2,дупло,2,дупло,2,True,True,True,True,True
718,718,естествоиспытатель,7,естествоиспытатель,7,естествоиспытатель,6,True,False,False,True,True
719,719,ёмкостной,3,ёмкостной,3,ёмкостной,3,True,True,True,True,True
720,720,вежливость,3,вежливость,3,вежливость,3,True,True,True,True,True
721,721,зеркало,3,зеркало,3,зеркало,3,True,True,True,True,True
722,722,величественный,5,величественный,5,величественный,5,True,True,True,True,True
723,723,Илья,2,Илья,2,Илья,2,True,True,True,True,True
724,724,умиротворение,7,умиротворение,6,умиротворение,6,False,False,True,True,True
725,725,литературное,6,литературное,5,литературное,5,False,False,True,True,True
726,726,тюльпан,2,тюльпан,2,тюльпан,2,True,True,True,True,True
727,727,ядовитая,5,ядовитая,4,ядовитая,4,False,False,True,True,True
728,728,авиаметеостанция,9,авиаметеостанция,8,авиаметеостанция,6,False,False,False,True,True
729,729,Иван,2,Иван,2,Иван,2,True,True,True,True,True
730,730,юноша,3,юноша,3,юноша,3,True,True,True,True,True
731,731,декларация,5,декларация,5,декларация,4,True,False,False,True,True
732,732,естественный,4,естественный,4,естественный,4,True,True,True,True,True
733,733,компьютер,3,компьютер,3,компьютер,3,True,True,True,True,True
734,734,щекотливость,4,щекотливость,5,щекотливость,4,False,True,False,True,True
735,735,материаловедение,9,материаловедение,7,материаловедение,7,False,False,True,True,True
736,736,барабан,3,барабан,3,барабан,3,True,True,True,True,True
737,737,гном,1,гном,1,гном,1,True,True,True,True,True
738,738,аббревиатура,6,аббревиатура,6,аббревиатура,5,True,False,False,True,True
739,739,йод,1,йод,1,йод,1,True,True,True,True,True
740,740,хек,1,хек,1,хек,1,True,True,True,True,True
741,741,элегантные,5,элегантные,5,элегантные,4,True,False,False,True,True
742,742,лакированная,6,лакированная,5,лакированная,5,False,False,True,True,True
743,743,твой,1,твой,1,твой,1,True,True,True,True,True
744,744,регулирование,7,регулирование,6,регулирование,6,False,False,True,True,True
745,745,он,1,он,1,он,1,True,True,True,True,True
746,746,человеческий,5,человеческий,4,человеческий,5,False,True,False,True,True
747,747,деревьями,4,деревьями,4,деревьями,4,True,True,True,True,True
748,748,эндокринологическое,9,эндокринологическое,8,эндокринологическое,8,False,False,True,True,True
749,749,Эмма,2,Эмма,2,Эмма,2,True,True,True,True,True
750,750,йоги,2,йоги,2,йоги,2,True,True,True,True,True
751,751,сфотографировать,6,сфотографировать,6,сфотографировать,6,True,True,True,True,True
752,752,разрастающиеся,7,разрастающиеся,5,разрастающиеся,5,False,False,True,True,True
753,753,высокотехнологичного,9,высокотехнологичного,7,высокотехнологичного,9,False,True,False,True,True
754,754,хлеб,1,хлеб,1,хлеб,1,True,True,True,True,True
755,755,астр,1,астр,2,астр,1,False,True,False,True,True
756,756,переформатирование,9,переформатирование,7,переформатирование,8,False,False,False,True,True
757,757,теплопроизводительность,8,теплопроизводительность,8,теплопроизводительность,7,True,False,False,True,True
758,758,машиностроительная,8,машиностроительная,7,машиностроительная,6,False,False,False,True,True
759,759,фармакокенетика,7,фармакокенетика,7,фармакокенетика,7,True,True,True,True,True
760,760,автотехобслуживание,9,автотехобслуживание,8,автотехобслуживание,8,False,False,True,True,True
761,761,матрёшка,3,матрёшка,3,матрёшка,3,True,True,True,True,True
762,762,усовершенствованиями,9,усовершенствованиями,7,усовершенствованиями,8,False,False,False,True,True
763,763,весенний,3,весенний,3,весенний,3,True,True,True,True,True
764,764,базирующуюся,7,базирующуюся,5,базирующуюся,5,False,False,True,True,True
765,765,оплачиваемый,6,оплачиваемый,5,оплачиваемый,5,False,False,True,True,True
766,766,волк,1,волк,1,волк,1,True,True,True,True,True
767,767,четырнадцатое,6,четырнадцатое,5,четырнадцатое,5,False,False,True,True,True
768,768,альбом,2,альбом,2,альбом,2,True,True,True,True,True
769,769,деньги,2,деньги,2,деньги,2,True,True,True,True,True
770,770,одиннадцатое,6,одиннадцатое,5,одиннадцатое,5,False,False,True,True,True
771,771,доброжелательный,6,доброжелательный,6,доброжелательный,6,True,True,True,True,True
772,772,правоохранительная,8,правоохранительная,7,правоохранительная,6,False,False,False,True,True
773,773,жужжание,4,жужжание,3,жужжание,3,False,False,True,True,True
774,774,великолепие,6,великолепие,5,великолепие,5,False,False,True,True,True
775,775,мышь,1,мышь,1,мышь,1,True,True,True,True,True
776,776,языковая,5,языковая,4,языковая,4,False,False,True,True,True
777,777,доброжелательность,6,доброжелательность,7,доброжелательность,6,False,True,False,True,True
778,778,Ям,1,Ям,1,Ям,1,True,True,True,True,True
779,779,ам,1,ам,1,ам,1,True,True,True,True,True
780,780,империалистические,9,империалистические,7,империалистические,7,False,False,True,True,True
781,781,разноцветные,5,разноцветные,4,разноцветные,4,False,False,True,True,True
782,782,глообализационными,9,глообализационными,7,глообализационными,7,False,False,True,True,True
783,783,осенние,4,осенние,3,осенние,3,False,False,True,True,True
784,784,программирование,7,программирование,6,программирование,6,False,False,True,True,True
785,785,центральная,4,центральная,4,центральная,3,True,False,False,True,True
786,786,четырехлепестковые,8,четырехлепестковые,6,четырехлепестковые,7,False,False,False,True,True
787,787,пенал,2,пенал,2,пенал,2,True,True,True,True,True
788,788,жук,1,жук,1,жук,1,True,True,True,True,True
789,789,целоваться,4,целоваться,4,целоваться,4,True,True,True,True,True
790,790,юбилейное,5,юбилейное,4,юбилейное,4,False,False,True,True,True
791,791,тихоокеанского,7,тихоокеанского,6,тихоокеанского,5,False,False,False,True,True
792,792,Яна,2,Яна,2,Яна,2,True,True,True,True,True
793,793,праздник,2,праздник,2,праздник,2,True,True,True,True,True
794,794,этноконфессиональных,8,этноконфессиональных,8,этноконфессиональных,7,True,False,False,True,True
795,795,телефон,3,телефон,3,телефон,3,True,True,True,True,True
796,796,гусеница,4,гусеница,3,гусеница,4,False,True,False,True,True
797,797,Юлианович,5,Юлианович,5,Юлианович,4,True,False,False,True,True
798,798,эксплуатации,6,эксплуатации,6,эксплуатации,4,True,False,False,True,True
799,799,лев,1,лев,1,лев,1,True,True,True,True,True
800,800,кардиореспираторной,8,кардиореспираторной,8,кардиореспираторной,7,True,False,False,True,True
801,801,фитопалеонтология,9,фитопалеонтология,8,фитопалеонтология,7,False,False,False,True,True
802,802,барражирование,7,барражирование,6,барражирование,6,False,False,True,True,True
803,803,полиэтиленовая,8,полиэтиленовая,6,полиэтиленовая,6,False,False,True,True,True
804,804,электробезопасность,7,электробезопасность,7,электробезопасность,7,True,True,True,True,True
805,805,величественные,6,величественные,5,величественные,5,False,False,True,True,True
806,806,железнодорожная,7,железнодорожная,5,железнодорожная,6,False,False,False,True,True
807,807,человеконенавистник,8,человеконенавистник,7,человеконенавистник,8,False,True,False,True,True
808,808,трактор,2,трактор,2,трактор,2,True,True,True,True,True
809,809,тихоокеанский,6,тихоокеанский,5,тихоокеанский,4,False,False,False,True,True
810,810,ночник,2,ночник,2,ночник,2,True,True,True,True,True
811,811,горнодобывающая,8,горнодобывающая,6,горнодобывающая,6,False,False,True,True,True
812,812,пляж,1,пляж,1,пляж,1,True,True,True,True,True
813,813,широкоугольный,6,широкоугольный,5,широкоугольный,5,False,False,True,True,True
814,814,звукозаписывающее,9,звукозаписывающее,7,звукозаписывающее,7,False,False,True,True,True
815,815,извините,4,извините,4,извините,4,True,True,True,True,True
816,816,эмоциональный,6,эмоциональный,5,эмоциональный,5,False,False,True,True,True
817,817,специализированные,9,специализированные,7,специализированные,7,False,False,True,True,True
818,818,коллекционирование,9,коллекционирование,7,коллекционирование,7,False,False,True,True,True
819,819,целлюлоза,4,целлюлоза,4,целлюлоза,4,True,True,True,True,True
820,820,шторм,1,шторм,1,шторм,1,True,True,True,True,True
821,821,целеустремленный,6,целеустремленный,6,целеустремленный,5,True,False,False,True,True
822,822,происхождение,6,происхождение,5,происхождение,4,False,False,False,True,True
823,823,зелёная,4,зелёная,3,зелёная,3,False,False,True,True,True
824,824,теоретический,6,теоретический,5,теоретический,5,False,False,True,True,True
825,825,единичный,4,единичный,3,единичный,4,False,True,False,True,True
826,826,яишница,4,яишница,3,яишница,3,False,False,True,True,True
827,827,забастовка,4,забастовка,4,забастовка,4,True,True,True,True,True
828,828,предполагает,5,предполагает,4,предполагает,4,False,False,True,True,True
829,829,программа,3,программа,3,программа,3,True,True,True,True,True
830,830,шахматы,3,шахматы,2,шахматы,3,False,True,False,True,True
831,831,словообразование,8,словообразование,6,словообразование,6,False,False,True,True,True
832,832,актёр,2,актёр,2,актёр,2,True,True,True,True,True
833,833,ёжик,2,ёжик,2,ёжик,2,True,True,True,True,True
834,834,психоневрологическая,9,психоневрологическая,8,психоневрологическая,8,False,False,True,True,True
835,835,ёжики,3,ёжики,3,ёжики,3,True,True,True,True,True
836,836,Ирина,3,Ирина,3,Ирина,3,True,True,True,True,True
837,837,предаттестационная,8,предаттестационная,8,предаттестационная,6,True,False,False,True,True
838,838,муж,1,муж,1,муж,1,True,True,True,True,True
839,839,карбокксиметилцеллюлоза,9,карбокксиметилцеллюлоза,9,карбокксиметилцеллюлоза,9,True,True,True,True,True
840,840,разнообразие,6,разнообразие,5,разнообразие,4,False,False,False,True,True
841,841,як,1,як,1,як,1,True,True,True,True,True
842,842,яблонька,3,яблонька,3,яблонька,3,True,True,True,True,True
843,843,аэроплан,4,аэроплан,4,аэроплан,3,True,False,False,True,True
844,844,лось,1,лось,1,лось,1,True,True,True,True,True
845,845,главнокомандующего,8,главнокомандующего,7,главнокомандующего,7,False,False,True,True,True
846,846,шизофрении,5,шизофрении,5,шизофрении,4,True,False,False,True,True
847,847,финансирование,7,финансирование,6,финансирование,6,False,False,True,True,True
848,848,движение,4,движение,3,движение,3,False,False,True,True,True
849,849,удивительные,6,удивительные,5,удивительные,5,False,False,True,True,True
850,850,скамейка,3,скамейка,3,скамейка,3,True,True,True,True,True
851,851,единственного,5,единственного,4,единственного,5,False,True,False,True,True
852,852,ёлочка,3,ёлочка,3,ёлочка,3,True,True,True,True,True
853,853,ежевика,4,ежевика,3,ежевика,4,False,True,False,True,True
854,854,документационного,8,документационного,7,документационного,7,False,False,True,True,True
855,855,медведь,2,медведь,2,медведь,2,True,True,True,True,True
856,856,идеализированному,9,идеализированному,7,идеализированному,8,False,False,False,True,True
857,857,шестнадцатое,5,шестнадцатое,5,шестнадцатое,4,True,False,False,True,True
858,858,горькая,3,горькая,2,горькая,2,False,False,True,True,True
859,859,щипцы,2,щипцы,2,щипцы,2,True,True,True,True,True
860,860,явление,4,явление,3,явление,3,False,False,True,True,True
861,861,щуплый,2,щуплый,2,щуплый,2,True,True,True,True,True
862,862,электрический,5,электрический,5,электрический,5,True,True,True,True,True
863,863,ива,2,ива,2,ива,2,True,True,True,True,True
864,864,зелёный,3,зелёный,3,зелёный,3,True,True,True,True,True
865,865,холодная,4,холодная,3,холодная,3,False,False,True,True,True
866,866,метеорологические,9,метеорологические,7,метеорологические,7,False,False,True,True,True
867,867,реабилитационный,8,реабилитационный,7,реабилитационный,6,False,False,False,True,True
868,868,дружба,2,дружба,2,дружба,2,True,True,True,True,True
869,869,трудоустройство,5,трудоустройство,5,трудоустройство,4,True,False,False,True,True
870,870,серебро,3,серебро,3,серебро,3,True,True,True,True,True
871,871,совершенствование,7,совершенствование,6,совершенствование,6,False,False,True,True,True
872,872,хорошая,4,хорошая,3,хорошая,3,False,False,True,True,True
873,873,авиация,5,авиация,4,авиация,3,False,False,False,True,True
874,874,растения,4,растения,3,растения,3,False,False,True,True,True
875,875,бабушка,3,бабушка,3,бабушка,3,True,True,True,True,True
876,876,действительно,4,действительно,4,действительно,4,True,True,True,True,True
877,877,автомобиль,4,автомобиль,4,автомобиль,4,True,True,True,True,True
878,878,электрификация,7,электрификация,6,электрификация,6,False,False,True,True,True
879,879,Тверь,1,Тверь,1,Тверь,1,True,True,True,True,True
880,880,азотофиксирующий,8,азотофиксирующий,7,азотофиксирующий,7,False,False,True,True,True
881,881,шишка,2,шишка,2,шишка,2,True,True,True,True,True
882,882,щётка,2,щётка,2,щётка,2,True,True,True,True,True
883,883,быстро,2,быстро,2,быстро,2,True,True,True,True,True
884,884,шантажировать,5,шантажировать,5,шантажировать,5,True,True,True,True,True
885,885,дисквалифицировали,8,дисквалифицировали,7,дисквалифицировали,8,False,True,False,True,True
886,886,называется,5,называется,4,называется,4,False,False,True,True,True
887,887,жил,1,жил,1,жил,1,True,True,True,True,True
888,888,экспресс,2,экспресс,2,экспресс,2,True,True,True,True,True
889,889,метро,2,метро,2,метро,2,True,True,True,True,True
890,890,животноводство,5,животноводство,5,животноводство,5,True,True,True,True,True
891,891,конструирование,7,конструирование,6,конструирование,5,False,False,False,True,True
892,892,Эдик,2,Эдик,2,Эдик,2,True,True,True,True,True
893,893,дифференцированная,8,дифференцированная,7,дифференцированная,7,False,False,True,True,True
894,894,сочинение,5,сочинение,4,сочинение,4,False,False,True,True,True
895,895,ералаш,3,ералаш,3,ералаш,3,True,True,True,True,True
896,896,апельсин,3,апельсин,3,апельсин,3,True,True,True,True,True
897,897,молоко,3,молоко,3,молоко,3,True,True,True,True,True
898,898,противоположные,7,противоположные,6,противоположные,6,False,False,True,True,True
899,899,реабилитационные,9,реабилитационные,7,реабилитационные,6,False,False,False,True,True
900,900,логопедической,6,логопедической,6,логопедической,6,True,True,True,True,True
901,901,ручьи,2,ручьи,2,ручьи,2,True,True,True,True,True
902,902,имена,3,имена,3,имена,3,True,True,True,True,True
903,903,квалификационная,8,квалификационная,7,квалификационная,6,False,False,False,True,True
904,904,ульи,2,ульи,2,ульи,2,True,True,True,True,True
905,905,хвост,1,хвост,1,хвост,1,True,True,True,True,True
906,906,ёсць,1,ёсць,2,ёсць,1,False,True,False,True,True
907,907,Антон,2,Антон,2,Антон,2,True,True,True,True,True
908,908,ум,1,ум,1,ум,1,True,True,True,True,True
909,909,щелочение,5,щелочение,4,щелочение,4,False,False,True,True,True
910,910,единственная,5,единственная,4,единственная,4,False,False,True,True,True
911,911,телерадиокомпания,9,телерадиокомпания,7,телерадиокомпания,7,False,False,True,True,True
912,912,фантастика,4,фантастика,4,фантастика,4,True,True,True,True,True
913,913,эмоциональная,7,эмоциональная,5,эмоциональная,5,False,False,True,True,True
914,914,йеменцу,3,йеменцу,3,йеменцу,3,True,True,True,True,True
915,915,зоопарк,3,зоопарк,3,зоопарк,2,True,False,False,True,True
916,916,янтарная,4,янтарная,3,янтарная,3,False,False,True,True,True
917,917,материальное,6,материальное,5,материальное,4,False,False,False,True,True
918,918,акула,3,акула,3,акула,3,True,True,True,True,True
919,919,ерунда,3,ерунда,3,ерунда,3,True,True,True,True,True
920,920,электрообеспечение,9,электрообеспечение,7,электрообеспечение,7,False,False,True,True,True
921,921,биологический,6,биологический,6,биологический,5,True,False,False,True,True
922,922,поэзия,4,поэзия,3,поэзия,2,False,False,False,True,True
923,923,ядовитую,5,ядовитую,4,ядовитую,4,False,False,True,True,True
924,924,теплоизоляционные,9,теплоизоляционные,7,теплоизоляционные,6,False,False,False,True,True
925,925,финал,2,финал,2,финал,2,True,True,True,True,True
926,926,традиция,4,традиция,4,традиция,3,True,False,False,True,True
927,927,декабрь,2,декабрь,2,декабрь,2,True,True,True,True,True
928,928,Арс,1,Арс,1,Арс,1,True,True,True,True,True
929,929,общеобразовательную,9,общеобразовательную,7,общеобразовательную,7,False,False,True,True,True
930,930,шестьюдесятью,5,шестьюдесятью,5,шестьюдесятью,5,True,True,True,True,True
931,931,температура,5,температура,5,температура,5,True,True,True,True,True
932,932,холодный,3,холодный,3,холодный,3,True,True,True,True,True
933,933,шампиньоны,4,шампиньоны,4,шампиньоны,4,True,True,True,True,True
934,934,разъезд,2,разъезд,2,разъезд,2,True,True,True,True,True
935,935,танк,1,танк,1,танк,1,True,True,True,True,True
936,936,цветы,2,цветы,2,цветы,2,True,True,True,True,True
937,937,разочарование,7,разочарование,6,разочарование,6,False,False,True,True,True
938,938,украинский,4,украинский,4,украинский,3,True,False,False,True,True
939,939,наряд,2,наряд,2,наряд,2,True,True,True,True,True
940,940,учительница,5,учительница,5,учительница,5,True,True,True,True,True
941,941,юные,3,юные,2,юные,2,False,False,True,True,True
942,942,металлообнаружитель,8,металлообнаружитель,7,металлообнаружитель,7,False,False,True,True,True
943,943,листочками,4,листочками,4,листочками,4,True,True,True,True,True
944,944,их,1,их,1,их,1,True,True,True,True,True
945,945,дифференцированы,7,дифференцированы,6,дифференцированы,7,False,True,False,True,True
946,946,конкурентоспособность,7,конкурентоспособность,7,конкурентоспособность,7,True,True,True,True,True
947,947,подосиновик,5,подосиновик,4,подосиновик,5,False,True,False,True,True
948,948,уж,1,уж,1,уж,1,True,True,True,True,True
949,949,вышеперечисленные,8,вышеперечисленные,7,вышеперечисленные,7,False,False,True,True,True
950,950,насекомые,5,насекомые,4,насекомые,4,False,False,True,True,True
951,951,микросхема,4,микросхема,4,микросхема,4,True,True,True,True,True
952,952,квалификационные,8,квалификационные,7,квалификационные,6,False,False,False,True,True
953,953,эксперт,2,эксперт,2,эксперт,2,True,True,True,True,True
954,954,фигурирующих,6,фигурирующих,5,фигурирующих,5,False,False,True,True,True
955,955,подъезд,2,подъезд,2,подъезд,2,True,True,True,True,True
956,956,настоящая,5,настоящая,4,настоящая,3,False,False,False,True,True
957,957,гидроэлектростанцией,8,гидроэлектростанцией,8,гидроэлектростанцией,6,True,False,False,True,True
958,958,усовершенствованию,8,усовершенствованию,7,усовершенствованию,7,False,False,True,True,True
959,959,вышепоставленным,6,вышепоставленным,6,вышепоставленным,6,True,True,True,True,True
960,960,несанкционированного,9,несанкционированного,8,несанкционированного,8,False,False,True,True,True
961,961,раскрасила,4,раскрасила,4,раскрасила,4,True,True,True,True,True
962,962,циркуляцией,5,циркуляцией,5,циркуляцией,4,True,False,False,True,True
963,963,зонт,1,зонт,1,зонт,1,True,True,True,True,True
964,964,радио,3,радио,3,радио,2,True,False,False,True,True
965,965,белоснежный,4,белоснежный,4,белоснежный,4,True,True,True,True,True
966,966,авиастроительство,7,авиастроительство,6,авиастроительство,5,False,False,False,True,True
967,967,естественнонаучный,7,естественнонаучный,7,естественнонаучный,6,True,False,False,True,True
968,968,оборачиваемости,8,оборачиваемости,6,оборачиваемости,7,False,False,False,True,True
969,969,несовершеннолетним,7,несовершеннолетним,7,несовершеннолетним,7,True,True,True,True,True
970,970,листва,2,листва,2,листва,2,True,True,True,True,True
971,971,термодинамического,8,термодинамического,7,термодинамического,8,False,True,False,True,True
972,972,шиномонтажное,6,шиномонтажное,5,шиномонтажное,5,False,False,True,True,True
973,973,визуализация,7,визуализация,5,визуализация,5,False,False,True,True,True
974,974,неопределенный,6,неопределенный,5,неопределенный,5,False,False,True,True,True
975,975,землетрясение,6,землетрясение,5,землетрясение,5,False,False,True,True,True
976,976,Германия,4,Германия,3,Германия,3,False,False,True,True,True
977,977,гидроманипуляторами,9,гидроманипуляторами,8,гидроманипуляторами,9,False,True,False,True,True
978,978,флокс,1,флокс,1,флокс,1,True,True,True,True,True
979,979,товаробраковочного,8,товаробраковочного,7,товаробраковочного,8,False,True,False,True,True
980,980,чтение,3,чтение,2,чтение,2,False,False,True,True,True
981,981,обеспечивающие,8,обеспечивающие,6,обеспечивающие,6,False,False,True,True,True
982,982,индустриальный,5,индустриальный,5,индустриальный,4,True,False,False,True,True
983,983,позиционирование,9,позиционирование,7,позиционирование,7,False,False,True,True,True
984,984,мать,1,мать,1,мать,1,True,True,True,True,True
986,986,коллекция,4,коллекция,4,коллекция,3,True,False,False,True,True
987,987,радость,2,радость,2,радость,2,True,True,True,True,True
988,988,кондиционирования,9,кондиционирования,7,кондиционирования,7,False,False,True,True,True
989,989,жизнь,1,жизнь,1,жизнь,1,True,True,True,True,True
990,990,барс,1,барс,1,барс,1,True,True,True,True,True
991,991,цветочную,4,цветочную,3,цветочную,3,False,False,True,True,True
992,992,нефть,1,нефть,1,нефть,1,True,True,True,True,True
993,993,ирис,2,ирис,2,ирис,2,True,True,True,True,True
994,994,геологические,7,геологические,5,геологические,5,False,False,True,True,True
995,995,инструктируемого,7,инструктируемого,6,инструктируемого,6,False,False,True,True,True
996,996,глобализируещееся,9,глобализируещееся,7,глобализируещееся,7,False,False,True,True,True
997,997,щит,1,щит,1,щит,1,True,True,True,True,True
998,998,оборудование,7,оборудование,5,оборудование,6,False,False,False,True,True
999,999,им,1,им,1,им,1,True,True,True,True,True
