,1,2,3,4,6,7
0,зонтик,2,зонтик,2,зонтик,2
1,макроэкономический,8,макроэкономический,8,макроэкономический,7
2,неодинаково,6,неодинаково,6,неодинаково,5
3,топсайдеры,4,топсайдеры,4,топсайдеры,4
4,щавеля,3,щавеля,3,щавеля,3
5,царство,2,царство,2,царство,2
6,химиопрофилактика,8,химиопрофилактика,8,химиопрофилактика,7
7,реабилитационную,9,реабилитационную,7,реабилитационную,6
8,гвоздика,3,гвоздика,3,гвоздика,3
9,Египет,3,Египет,3,Египет,3
10,французского,4,французского,4,французского,4
11,ща,1,ща,1,ща,1
12,соответственно,5,соответственно,5,соответственно,4
13,фигуристы,4,фигуристы,4,фигуристы,4
14,ясновидение,6,ясновидение,5,ясновидение,5
15,мост,1,мост,1,мост,1
16,хореографическое,8,хореографическое,7,хореографическое,6
17,гнездо,2,гнездо,2,гнездо,2
18,фиалка,3,фиалка,3,фиалка,2
19,западносахалинский,7,западносахалинский,7,западносахалинский,7
20,распространено,5,распространено,5,распространено,5
21,щепотка,3,щепотка,3,щепотка,3
22,уважение,5,уважение,4,уважение,4
23,колыбельная,5,колыбельная,5,колыбельная,4
24,железнодорожника,7,железнодорожника,6,железнодорожника,7
25,лук,1,лук,1,лук,1
26,парикмахерская,6,парикмахерская,5,парикмахерская,5
27,ярмарка,3,ярмарка,3,ярмарка,3
28,деятельность,4,деятельность,4,деятельность,3
29,расписание,5,расписание,4,расписание,4
30,библиотека,5,библиотека,4,библиотека,4
31,научился,4,научился,3,научился,3
32,имя,2,имя,2,имя,2
33,утюг,2,утюг,2,утюг,2
34,инструменты,4,инструменты,4,инструменты,4
35,заключается,5,заключается,4,заключается,4
36,медвежонок,4,медвежонок,3,медвежонок,4
37,чеснок,2,чеснок,2,чеснок,2
38,Юра,2,Юра,2,Юра,2
39,животных,3,животных,3,животных,3
40,гвоздь,1,гвоздь,1,гвоздь,1
41,юридических,5,юридических,5,юридических,5
42,трава,2,трава,2,трава,2
43,загадка,3,загадка,3,загадка,3
44,рисовать,3,рисовать,3,рисовать,3
45,Татьяна,3,Татьяна,3,Татьяна,3
46,характеризировать,7,характеризировать,7,характеризировать,7
47,целеустремленность,6,целеустремленность,6,целеустремленность,5
48,являющемуся,6,являющемуся,5,являющемуся,5
49,энергосберегающая,9,энергосберегающая,8,энергосберегающая,7
50,изобразительное,7,изобразительное,6,изобразительное,6
51,интересный,4,интересный,4,интересный,4
52,на,1,на,1,на,1
53,воспоминание,6,воспоминание,5,воспоминание,5
54,Чиполлино,4,Чиполлино,4,Чиполлино,4
55,зоопарке,4,зоопарке,4,зоопарке,3
56,сестра,2,сестра,2,сестра,2
57,юрисконсульт,4,юрисконсульт,5,юрисконсульт,4
58,широкополосный,6,широкополосный,6,широкополосный,6
59,ясень,2,ясень,2,ясень,2
60,фотоаппарат,5,фотоаппарат,5,фотоаппарат,4
61,ёжиком,3,ёжиком,3,ёжиком,3
62,читайте,3,читайте,2,читайте,3
63,литературные,6,литературные,5,литературные,5
64,олицетворяющее,8,олицетворяющее,6,олицетворяющее,6
65,желудок,3,желудок,3,желудок,3
66,самолёт,3,самолёт,3,самолёт,3
67,ядовитое,5,ядовитое,4,ядовитое,4
68,осенью,3,осенью,3,осенью,3
69,берегоукрепительный,8,берегоукрепительный,8,берегоукрепительный,7
70,мышка,2,мышка,2,мышка,2
71,делопроизводство,6,делопроизводство,6,делопроизводство,5
72,подлежащее,5,подлежащее,4,подлежащее,4
73,юниор,3,юниор,3,юниор,2
74,ципрофлоксацин,5,ципрофлоксацин,5,ципрофлоксацин,5
75,аккуратно,4,аккуратно,4,аккуратно,4
76,деятельности,5,деятельности,5,деятельности,4
77,расстояние,5,расстояние,4,расстояние,3
78,алфавит,3,алфавит,3,алфавит,3
79,фотография,5,фотография,5,фотография,4
80,въезд,1,въезд,1,въезд,1
81,шесть,1,шесть,1,шесть,1
82,криминалистического,8,криминалистического,7,криминалистического,8
83,уклонообразующий,8,уклонообразующий,7,уклонообразующий,6
84,золотистые,5,золотистые,4,золотистые,4
85,юношеский,4,юношеский,4,юношеский,4
86,эксплуатационный,7,эксплуатационный,7,эксплуатационный,5
87,ламинирование,7,ламинирование,6,ламинирование,6
88,бактериологические,9,бактериологические,7,бактериологические,7
89,индивидуальный,6,индивидуальный,6,индивидуальный,5
90,самостоятельности,7,самостоятельности,6,самостоятельности,6
91,стул,1,стул,1,стул,1
92,юбилей,3,юбилей,3,юбилей,3
93,целесообразностью,7,целесообразностью,7,целесообразностью,6
94,уведомление,6,уведомление,5,уведомление,5
95,яд,1,яд,1,яд,1
96,макроэкономическое,9,макроэкономическое,7,макроэкономическое,7
97,магнитофон,4,магнитофон,4,магнитофон,4
98,Эдуард,3,Эдуард,3,Эдуард,2
99,Водоплавающая,7,Водоплавающая,6,Водоплавающая,5
100,малооплачиваемая,9,малооплачиваемая,7,малооплачиваемая,6
101,доказательство,5,доказательство,5,доказательство,5
102,интересно,4,интересно,4,интересно,4
103,перераспределение,8,перераспределение,7,перераспределение,7
104,фирма,2,фирма,2,фирма,2
105,фотосинтезирующая,9,фотосинтезирующая,7,фотосинтезирующая,7
106,большой,2,большой,2,большой,2
107,история,4,история,3,история,3
108,ноутбук,3,ноутбук,2,ноутбук,2
109,ёж,1,ёж,1,ёж,1
110,аристократический,7,аристократический,7,аристократический,7
111,змей,1,змей,1,змей,1
112,термопреобразователь,8,термопреобразователь,7,термопреобразователь,7
113,майка,2,майка,2,майка,2
114,энергосберегающие,9,энергосберегающие,7,энергосберегающие,7
115,щу,1,щу,1,щу,1
116,рождения,4,рождения,4,рождения,3
117,сосна,2,сосна,2,сосна,2
118,шампанское,4,шампанское,3,шампанское,3
119,царапается,5,царапается,5,царапается,4
120,гитара,3,гитара,3,гитара,3
121,муравейник,4,муравейник,4,муравейник,4
122,Ютуб,2,Ютуб,2,Ютуб,2
123,геркулес,3,геркулес,3,геркулес,3
124,являющаяся,6,являющаяся,5,являющаяся,4
125,человеколюбивым,7,человеколюбивым,6,человеколюбивым,7
126,Юрий,2,Юрий,2,Юрий,2
127,распространенное,6,распространенное,5,распространенное,5
128,Циолковского,5,Циолковского,4,Циолковского,4
129,центр,1,центр,1,центр,1
130,индивидуальные,7,индивидуальные,6,индивидуальные,5
131,газонепроницаемые,9,газонепроницаемые,7,газонепроницаемые,7
132,коммерциализации,8,коммерциализации,7,коммерциализации,6
133,благотворительность,6,благотворительность,6,благотворительность,6
134,удостоверение,7,удостоверение,5,удостоверение,6
135,цивилизация,6,цивилизация,5,цивилизация,5
136,фильм,1,фильм,1,фильм,1
137,рассказ,2,рассказ,2,рассказ,2
138,употребления,6,употребления,5,употребления,5
139,царь,1,царь,1,царь,1
140,тополь,2,тополь,2,тополь,2
141,юристконсульта,5,юристконсульта,6,юристконсульта,5
142,ираианяипапа,8,ираианяипапа,6,ираианяипапа,5
143,чёрные,3,чёрные,2,чёрные,2
144,нитка,2,нитка,2,нитка,2
145,чудесные,4,чудесные,3,чудесные,3
146,зоологические,7,зоологические,6,зоологические,5
147,юла,2,юла,2,юла,2
148,общечеловеческие,8,общечеловеческие,7,общечеловеческие,7
149,многофункциональный,7,многофункциональный,7,многофункциональный,6
150,тюль,1,тюль,1,тюль,1
151,автомобилестроение,9,автомобилестроение,8,автомобилестроение,7
152,цапля,2,цапля,2,цапля,2
153,шестидесятничества,7,шестидесятничества,7,шестидесятничества,7
154,черёмуха,4,черёмуха,3,черёмуха,4
155,смородина,4,смородина,4,смородина,4
156,квалифицированные,8,квалифицированные,7,квалифицированные,7
157,конкурентоспособными,8,конкурентоспособными,7,конкурентоспособными,8
158,жаворонок,4,жаворонок,4,жаворонок,4
159,астра,2,астра,2,астра,2
160,йорж,1,йорж,1,йорж,1
161,ус,1,ус,1,ус,1
162,юнга,2,юнга,2,юнга,2
163,валенки,3,валенки,3,валенки,3
164,индейка,3,индейка,3,индейка,3
165,лимитирующее,7,лимитирующее,6,лимитирующее,5
166,улица,3,улица,3,улица,3
167,экскурсия,4,экскурсия,4,экскурсия,3
168,ресторан,3,ресторан,3,ресторан,3
169,фрукты,2,фрукты,2,фрукты,2
170,взаимоотношениях,8,взаимоотношениях,6,взаимоотношениях,5
171,заливаются,5,заливаются,4,заливаются,4
172,южноамериканка,7,южноамериканка,6,южноамериканка,6
173,разрабытываемое,8,разрабытываемое,6,разрабытываемое,6
174,ландыш,2,ландыш,2,ландыш,2
175,бактериоуловитель,8,бактериоуловитель,7,бактериоуловитель,6
176,многонациональная,8,многонациональная,7,многонациональная,6
177,лес,1,лес,1,лес,1
178,йотта,2,йотта,2,йотта,2
179,Екатеринбург,5,Екатеринбург,5,Екатеринбург,5
180,объяснение,5,объяснение,4,объяснение,4
181,целебные,4,целебные,3,целебные,3
182,экран,2,экран,2,экран,2
183,шустрые,3,шустрые,2,шустрые,2
184,коллекционный,5,коллекционный,5,коллекционный,4
185,журавль,2,журавль,2,журавль,2
186,угольки,3,угольки,3,угольки,3
187,детство,2,детство,2,детство,2
188,целесообразно,6,целесообразно,5,целесообразно,5
189,чередующиеся,7,чередующиеся,5,чередующиеся,5
190,характеризующая,8,характеризующая,6,характеризующая,6
191,биофармацевтический,8,биофармацевтический,7,биофармацевтический,7
192,Классификация,6,Классификация,5,Классификация,5
193,телосложение,6,телосложение,5,телосложение,5
194,филологический,6,филологический,6,филологический,6
195,четырнадцатилетие,8,четырнадцатилетие,7,четырнадцатилетие,7
196,колокольчик,4,колокольчик,4,колокольчик,4
197,транспортирования,7,транспортирования,6,транспортирования,6
198,чьи,1,чьи,1,чьи,1
199,логарифмирования,8,логарифмирования,7,логарифмирования,7
200,жёрдочка,3,жёрдочка,3,жёрдочка,3
201,бензиновый,4,бензиновый,4,бензиновый,4
202,юстирование,6,юстирование,5,юстирование,5
203,оборотоспособности,8,оборотоспособности,7,оборотоспособности,8
204,цыплёнок,3,цыплёнок,3,цыплёнок,3
205,листья,2,листья,2,листья,2
206,психоневрологического,9,психоневрологического,8,психоневрологического,9
207,юмористическим,6,юмористическим,6,юмористическим,6
208,экскаваторщик,5,экскаваторщик,5,экскаваторщик,5
209,бровь,1,бровь,1,бровь,1
210,юмористического,7,юмористического,6,юмористического,7
211,ад,1,ад,1,ад,1
212,исследование,6,исследование,5,исследование,5
213,щурится,3,щурится,3,щурится,3
214,злой,1,злой,1,злой,1
215,учитель,3,учитель,3,учитель,3
216,гости,2,гости,2,гости,2
217,произведения,6,произведения,5,произведения,4
218,молния,3,молния,3,молния,2
219,щип,1,щип,1,щип,1
220,гиппопотам,4,гиппопотам,4,гиппопотам,4
221,метеорологических,8,метеорологических,7,метеорологических,7
222,калейдоскоп,4,калейдоскоп,5,калейдоскоп,4
223,хорёк,2,хорёк,2,хорёк,2
224,разливается,5,разливается,4,разливается,4
225,языческие,5,языческие,4,языческие,4
226,анаморфирование,8,анаморфирование,7,анаморфирование,7
227,завтра,2,завтра,2,завтра,2
228,освидетельствования,8,освидетельствования,7,освидетельствования,7
229,Владимировна,5,Владимировна,5,Владимировна,5
230,широковещательность,7,широковещательность,7,широковещательность,7
231,электроэнергии,7,электроэнергии,6,электроэнергии,5
232,желание,4,желание,4,желание,3
233,ямб,1,ямб,1,ямб,1
234,самосовершенствоваться,8,самосовершенствоваться,8,самосовершенствоваться,8
235,цилиндрический,5,цилиндрический,5,цилиндрический,5
236,ей,1,ей,1,ей,1
237,попугаи,4,попугаи,3,попугаи,3
238,неодушевленный,6,неодушевленный,5,неодушевленный,5
239,ухо,2,ухо,2,ухо,2
240,рот,1,рот,1,рот,1
241,кораблестроители,7,кораблестроители,7,кораблестроители,6
242,яркий,2,яркий,2,яркий,2
243,телекоммуникационной,9,телекоммуникационной,8,телекоммуникационной,8
244,Арш,1,Арш,1,Арш,1
245,щупальца,3,щупальца,3,щупальца,3
246,яма,2,яма,2,яма,2
247,чашка,2,чашка,2,чашка,2
248,щепка,2,щепка,2,щепка,2
249,тень,1,тень,1,тень,1
250,забияка,4,забияка,4,забияка,3
251,концентрация,5,концентрация,5,концентрация,4
252,Йокагама,4,Йокагама,4,Йокагама,4
253,энергосберегающий,8,энергосберегающий,7,энергосберегающий,7
254,сказуемое,5,сказуемое,4,сказуемое,3
255,кондиционер,5,кондиционер,5,кондиционер,4
256,коэффициентов,6,коэффициентов,5,коэффициентов,4
257,труднообрабатываемых,9,труднообрабатываемых,7,труднообрабатываемых,7
258,холст,1,холст,1,холст,1
259,материаловедческое,9,материаловедческое,7,материаловедческое,7
260,хозяина,4,хозяина,4,хозяина,3
261,осина,3,осина,3,осина,3
262,лингвистика,4,лингвистика,4,лингвистика,4
263,факел,2,факел,2,факел,2
264,равнодействующую,7,равнодействующую,6,равнодействующую,5
265,Инна,2,Инна,2,Инна,2
266,послеоперационные,9,послеоперационные,7,послеоперационные,6
267,юридическая,6,юридическая,5,юридическая,5
268,шумоподавление,7,шумоподавление,6,шумоподавление,6
269,жёлудь,2,жёлудь,2,жёлудь,2
270,пресмыкающиеся,7,пресмыкающиеся,5,пресмыкающиеся,5
271,третьяковская,5,третьяковская,5,третьяковская,4
272,высокоэнергетических,9,высокоэнергетических,7,высокоэнергетических,8
273,тёплая,3,тёплая,2,тёплая,2
274,регламентирующими,8,регламентирующими,6,регламентирующими,7
275,биотехнологического,9,биотехнологического,7,биотехнологического,8
276,комедия,4,комедия,3,комедия,3
277,фокус,2,фокус,2,фокус,2
278,фотографирующиеся,9,фотографирующиеся,6,фотографирующиеся,7
279,обслуживание,6,обслуживание,5,обслуживание,5
280,заинтересованность,7,заинтересованность,6,заинтересованность,6
281,одиночество,5,одиночество,4,одиночество,5
282,зубр,1,зубр,1,зубр,1
283,жемчужина,4,жемчужина,3,жемчужина,4
284,культурноисторическими,9,культурноисторическими,8,культурноисторическими,8
285,черносмородиновое,8,черносмородиновое,7,черносмородиновое,7
286,чиж,1,чиж,1,чиж,1
287,южноамериканец,7,южноамериканец,6,южноамериканец,6
288,Великобритания,7,Великобритания,6,Великобритания,6
289,гидроизолирующие,9,гидроизолирующие,7,гидроизолирующие,6
290,четырехугольнике,7,четырехугольнике,6,четырехугольнике,7
291,украшения,5,украшения,4,украшения,4
292,галстук,2,галстук,2,галстук,2
293,путешествие,5,путешествие,4,путешествие,4
294,шишки,2,шишки,2,шишки,2
295,головокружительным,7,головокружительным,7,головокружительным,7
296,замерзающего,6,замерзающего,5,замерзающего,5
297,муниципального,6,муниципального,5,муниципального,6
298,характеристическими,8,характеристическими,7,характеристическими,8
299,объезд,2,объезд,2,объезд,2
300,щиколотка,4,щиколотка,4,щиколотка,4
301,хореографические,8,хореографические,6,хореографические,6
302,рассказывает,5,рассказывает,4,рассказывает,4
303,заявление,5,заявление,4,заявление,3
304,Гагарина,4,Гагарина,4,Гагарина,4
305,деревня,3,деревня,3,деревня,3
306,скорая,3,скорая,3,скорая,2
307,Йемен,2,Йемен,2,Йемен,2
308,жизнедеятельность,6,жизнедеятельность,6,жизнедеятельность,5
309,испугала,4,испугала,3,испугала,4
310,воробьиное,5,воробьиное,4,воробьиное,4
311,администрирование,8,администрирование,7,администрирование,7
312,олимпиада,5,олимпиада,4,олимпиада,4
313,шарикоподшипник,6,шарикоподшипник,6,шарикоподшипник,6
314,комбинированный,6,комбинированный,5,комбинированный,6
315,очень,2,очень,2,очень,2
316,Ил,1,Ил,1,Ил,1
317,трость,1,трость,1,трость,1
318,документооборота,8,документооборота,6,документооборота,7
319,носорог,3,носорог,3,носорог,3
320,Америка,4,Америка,4,Америка,4
321,могущественный,5,могущественный,5,могущественный,5
322,ломоносовская,6,ломоносовская,5,ломоносовская,5
323,церемония,5,церемония,4,церемония,4
324,ультрафиолетового,8,ультрафиолетового,7,ультрафиолетового,7
325,здравствуй,2,здравствуй,2,здравствуй,2
326,сковорода,4,сковорода,4,сковорода,4
327,художественной,5,художественной,5,художественной,5
328,эксплуатационная,8,эксплуатационная,7,эксплуатационная,5
329,ёжился,3,ёжился,2,ёжился,3
330,Элла,2,Элла,2,Элла,2
331,оперуполномоченного,9,оперуполномоченного,7,оперуполномоченного,9
332,юриспруденция,6,юриспруденция,5,юриспруденция,5
333,тепломеханического,8,тепломеханического,7,тепломеханического,8
334,соловьи,3,соловьи,3,соловьи,3
335,характеризовалась,7,характеризовалась,6,характеризовалась,7
336,ай,1,ай,1,ай,1
337,ножницами,4,ножницами,3,ножницами,4
338,осень,2,осень,2,осень,2
339,размышления,5,размышления,4,размышления,4
340,лиловые,4,лиловые,3,лиловые,3
341,его,2,его,2,его,2
342,энциклопедия,6,энциклопедия,5,энциклопедия,5
343,чересполосица,6,чересполосица,5,чересполосица,6
344,классная,3,классная,3,классная,2
345,март,1,март,1,март,1
346,чудеса,3,чудеса,3,чудеса,3
347,трудолюбивый,5,трудолюбивый,5,трудолюбивый,5
348,фортуна,3,фортуна,3,фортуна,3
349,карандаши,4,карандаши,4,карандаши,4
350,шиповник,3,шиповник,3,шиповник,3
351,жизнеобеспечения,8,жизнеобеспечения,7,жизнеобеспечения,6
352,ест,1,ест,1,ест,1
353,инициатива,6,инициатива,5,инициатива,5
354,ик,1,ик,1,ик,1
355,производительности,7,производительности,6,производительности,6
356,хлопья,2,хлопья,2,хлопья,2
357,металлический,5,металлический,5,металлический,5
358,рельсы,2,рельсы,2,рельсы,2
359,окно,2,окно,2,окно,2
360,заимствованные,6,заимствованные,5,заимствованные,4
361,йотированный,5,йотированный,5,йотированный,5
362,варенье,3,варенье,3,варенье,3
363,являющихся,5,являющихся,4,являющихся,4
364,лайка,2,лайка,2,лайка,2
365,художественного,6,художественного,5,художественного,6
366,щелк,1,щелк,1,щелк,1
367,деревьев,3,деревьев,3,деревьев,3
368,лиственница,4,лиственница,4,лиственница,4
369,арбуз,2,арбуз,2,арбуз,2
370,воочию,4,воочию,3,воочию,2
371,возникновение,6,возникновение,5,возникновение,5
372,удовлетворительное,8,удовлетворительное,7,удовлетворительное,7
373,соответствующего,7,соответствующего,6,соответствующего,5
374,хозяйство,3,хозяйство,3,хозяйство,3
375,серебряные,5,серебряные,4,серебряные,4
376,физиологическим,7,физиологическим,6,физиологическим,6
377,микробиологическая,9,микробиологическая,7,микробиологическая,7
378,функционированное,8,функционированное,6,функционированное,6
379,ёлкин,2,ёлкин,2,ёлкин,2
380,шероховатости,6,шероховатости,5,шероховатости,6
381,интеллектуальный,6,интеллектуальный,6,интеллектуальный,5
382,хозяин,3,хозяин,3,хозяин,2
383,брат,1,брат,1,брат,1
384,шкаф,1,шкаф,1,шкаф,1
385,оружие,4,оружие,3,оружие,3
386,белочка,3,белочка,3,белочка,3
387,любознательный,5,любознательный,5,любознательный,5
388,усовершенствование,8,усовершенствование,7,усовершенствование,7
389,дифференциальные,7,дифференциальные,6,дифференциальные,5
390,многообещающая,8,многообещающая,6,многообещающая,5
391,заокеанский,5,заокеанский,5,заокеанский,3
392,Йорк,1,Йорк,1,Йорк,1
393,канализационные,8,канализационные,6,канализационные,6
394,Гастрономия,5,Гастрономия,5,Гастрономия,4
395,электроизмерительные,9,электроизмерительные,7,электроизмерительные,7
396,иллюзия,4,иллюзия,3,иллюзия,3
397,Ира,2,Ира,2,Ира,2
398,геополитического,8,геополитического,6,геополитического,7
399,юмористическое,7,юмористическое,5,юмористическое,6
400,флот,1,флот,1,флот,1
401,Щелкунчики,4,Щелкунчики,4,Щелкунчики,4
402,пять,1,пять,1,пять,1
403,величавый,4,величавый,4,величавый,4
404,эпидемиология,8,эпидемиология,6,эпидемиология,6
405,цепь,1,цепь,1,цепь,1
406,девочки,3,девочки,2,девочки,3
407,жёлтые,3,жёлтые,2,жёлтые,2
408,распространение,6,распространение,5,распространение,5
409,экология,5,экология,4,экология,4
410,контрреволюционный,7,контрреволюционный,7,контрреволюционный,6
411,биография,5,биография,4,биография,3
412,экономика,5,экономика,4,экономика,5
413,фамилия,4,фамилия,3,фамилия,3
414,ситуация,5,ситуация,4,ситуация,3
415,общеобразовательное,9,общеобразовательное,7,общеобразовательное,7
416,ябеда,3,ябеда,3,ябеда,3
417,четырьмястами,5,четырьмястами,5,четырьмястами,5
418,шахтостроительного,7,шахтостроительного,7,шахтостроительного,6
419,люк,1,люк,1,люк,1
420,блокообрабатывающий,9,блокообрабатывающий,7,блокообрабатывающий,7
421,царапина,4,царапина,4,царапина,4
422,электричка,4,электричка,4,электричка,4
423,самореализация,8,самореализация,6,самореализация,6
424,цвет,1,цвет,1,цвет,1
425,тщеславие,4,тщеславие,4,тщеславие,3
426,азбука,3,азбука,3,азбука,3
427,большая,3,большая,3,большая,2
428,белоснежная,5,белоснежная,4,белоснежная,4
429,распределение,6,распределение,5,распределение,5
430,воробьиный,4,воробьиный,4,воробьиный,4
431,якорь,2,якорь,2,якорь,2
432,воскресенье,4,воскресенье,4,воскресенье,4
433,красный,2,красный,2,красный,2
434,физиология,6,физиология,5,физиология,4
435,рационализированной,9,рационализированной,7,рационализированной,8
436,единообразия,7,единообразия,6,единообразия,5
437,война,2,война,2,война,2
438,цветочная,4,цветочная,3,цветочная,3
439,мак,1,мак,1,мак,1
440,кастрюля,3,кастрюля,3,кастрюля,3
441,лесообрабатывающей,9,лесообрабатывающей,7,лесообрабатывающей,7
442,исторический,5,исторический,5,исторический,5
443,жевачка,3,жевачка,3,жевачка,3
444,стихотворение,6,стихотворение,5,стихотворение,5
445,функциональные,6,функциональные,5,функциональные,4
446,высказывание,6,высказывание,5,высказывание,5
447,употребление,6,употребление,5,употребление,5
448,щупание,4,щупание,3,щупание,3
449,юркий,2,юркий,2,юркий,2
450,здание,3,здание,3,здание,2
451,завораживающая,8,завораживающая,6,завораживающая,6
452,характеризовать,6,характеризовать,6,характеризовать,6
453,однопараметрическую,9,однопараметрическую,7,однопараметрическую,8
454,Украина,4,Украина,3,Украина,3
455,школа,2,школа,2,школа,2
456,Эльф,1,Эльф,1,Эльф,1
457,цетрализованная,7,цетрализованная,6,цетрализованная,6
458,свёкла,2,свёкла,2,свёкла,2
459,апельсиновый,5,апельсиновый,5,апельсиновый,5
460,счастливый,3,счастливый,3,счастливый,3
461,биологическая,7,биологическая,5,биологическая,5
462,штабелирование,7,штабелирование,6,штабелирование,6
463,Обозначающие,7,Обозначающие,5,Обозначающие,5
464,физиотерапия,7,физиотерапия,5,физиотерапия,5
465,жать,1,жать,1,жать,1
466,ждать,1,ждать,1,ждать,1
467,удовлетворяющие,8,удовлетворяющие,6,удовлетворяющие,6
468,достопримечательность,7,достопримечательность,7,достопримечательность,7
469,иль,1,иль,1,иль,1
470,шаромоделирование,9,шаромоделирование,7,шаромоделирование,8
471,оранжевый,4,оранжевый,3,оранжевый,4
472,электродинамический,8,электродинамический,7,электродинамический,8
473,самопожертвование,8,самопожертвование,6,самопожертвование,7
474,территория,5,территория,4,территория,4
475,изготавливается,7,изготавливается,5,изготавливается,6
476,Дюймовочка,4,Дюймовочка,4,Дюймовочка,4
477,майский,2,майский,2,майский,2
478,заводоуправление,8,заводоуправление,7,заводоуправление,6
479,ученик,3,ученик,3,ученик,3
480,лекарственные,5,лекарственные,4,лекарственные,4
481,характеристика,6,характеристика,5,характеристика,6
482,врач,1,врач,1,врач,1
483,зелёные,4,зелёные,3,зелёные,3
484,вместе,2,вместе,2,вместе,2
485,документационные,8,документационные,6,документационные,6
486,засухоустойчивая,8,засухоустойчивая,6,засухоустойчивая,6
487,местоимение,6,местоимение,4,местоимение,4
488,орех,2,орех,2,орех,2
489,единовременный,6,единовременный,5,единовременный,6
490,млекопитающие,7,млекопитающие,5,млекопитающие,5
491,шелестит,3,шелестит,3,шелестит,3
492,завораживающее,8,завораживающее,6,завораживающее,6
493,шиномонтаж,4,шиномонтаж,4,шиномонтаж,4
494,машина,3,машина,3,машина,3
495,гидроэлектростанциями,9,гидроэлектростанциями,8,гидроэлектростанциями,7
496,ежеквартально,5,ежеквартально,5,ежеквартально,5
497,часовой,3,часовой,3,часовой,3
498,дорожки,3,дорожки,3,дорожки,3
499,неотремонтированных,8,неотремонтированных,7,неотремонтированных,7
500,Юрмала,3,Юрмала,3,Юрмала,3
501,фикция,3,фикция,2,фикция,2
502,яйцерождение,6,яйцерождение,5,яйцерождение,5
503,физиологического,8,физиологического,6,физиологического,7
504,беспокоиться,5,беспокоиться,4,беспокоиться,4
505,идеализированная,9,идеализированная,7,идеализированная,7
506,асимметрия,5,асимметрия,5,асимметрия,4
507,честь,1,честь,1,честь,1
508,муравей,3,муравей,3,муравей,3
509,характеризующимся,8,характеризующимся,6,характеризующимся,7
510,жильё,2,жильё,2,жильё,2
511,нововведение,6,нововведение,5,нововведение,5
512,необыкновенная,7,необыкновенная,6,необыкновенная,5
513,рассвет,2,рассвет,2,рассвет,2
514,Евгения,4,Евгения,4,Евгения,3
515,настоящее,5,настоящее,4,настоящее,3
516,Экологические,7,Экологические,6,Экологические,6
517,ежи,2,ежи,2,ежи,2
518,Жанна,2,Жанна,2,Жанна,2
519,администратор,5,администратор,6,администратор,5
520,единовременно,6,единовременно,6,единовременно,6
521,Юля,2,Юля,2,Юля,2
522,труд,1,труд,1,труд,1
523,юродивый,4,юродивый,4,юродивый,4
524,ёмкий,2,ёмкий,2,ёмкий,2
525,закончилось,4,закончилось,4,закончилось,4
526,кость,1,кость,1,кость,1
527,мероприятия,6,мероприятия,5,мероприятия,4
528,Хорватия,4,Хорватия,4,Хорватия,3
529,гладиолусы,5,гладиолусы,5,гладиолусы,4
530,самообследование,8,самообследование,7,самообследование,6
531,сыроежка,4,сыроежка,3,сыроежка,3
532,железнодорожное,7,железнодорожное,6,железнодорожное,6
533,зной,1,зной,1,зной,1
534,радиоприёмник,6,радиоприёмник,5,радиоприёмник,4
535,ромашка,3,ромашка,3,ромашка,3
536,демилитаризованную,9,демилитаризованную,8,демилитаризованную,8
537,крот,1,крот,1,крот,1
538,из,1,из,1,из,1
539,ель,1,ель,1,ель,1
540,геометрические,7,геометрические,6,геометрические,5
541,зарядка,3,зарядка,3,зарядка,3
542,отечество,4,отечество,4,отечество,4
543,одуванчик,4,одуванчик,3,одуванчик,4
544,идолопоклонниками,8,идолопоклонниками,7,идолопоклонниками,8
545,есть,1,есть,1,есть,1
546,январь,2,январь,2,январь,2
547,федерации,5,федерации,5,федерации,4
548,хор,1,хор,1,хор,1
549,деревьях,3,деревьях,3,деревьях,3
550,апрельский,3,апрельский,4,апрельский,3
551,книга,2,книга,2,книга,2
552,чудесное,4,чудесное,4,чудесное,3
553,рассредоточение,7,рассредоточение,6,рассредоточение,6
554,специализированный,8,специализированный,7,специализированный,7
555,електрохымзахисту,7,електрохымзахисту,7,електрохымзахисту,7
556,Иваново,4,Иваново,4,Иваново,4
557,пушистый,3,пушистый,3,пушистый,3
558,одноклассники,5,одноклассники,5,одноклассники,5
559,вьюн,1,вьюн,1,вьюн,1
560,электровибрационные,9,электровибрационные,8,электровибрационные,7
561,йэ,1,йэ,1,йэ,1
562,семья,2,семья,2,семья,2
563,Яковлевича,5,Яковлевича,5,Яковлевича,5
564,самообладание,7,самообладание,6,самообладание,5
565,лужайка,3,лужайка,3,лужайка,3
566,бассейн,2,бассейн,2,бассейн,2
567,Произведение,6,Произведение,5,Произведение,4
568,неудовлетворительный,8,неудовлетворительный,8,неудовлетворительный,7
569,наименование,7,наименование,5,наименование,5
570,муравьишка,4,муравьишка,4,муравьишка,4
571,ласточка,3,ласточка,3,ласточка,3
572,характеризующего,8,характеризующего,6,характеризующего,7
573,дождь,1,дождь,1,дождь,1
574,неудовлетворительно,8,неудовлетворительно,7,неудовлетворительно,7
575,ребята,3,ребята,3,ребята,3
576,диагностируемого,8,диагностируемого,6,диагностируемого,6
577,хлобчатобумажная,7,хлобчатобумажная,6,хлобчатобумажная,6
578,государственную,6,государственную,5,государственную,5
579,фрак,1,фрак,1,фрак,1
580,хоть,1,хоть,1,хоть,1
581,конкурентноспособностью,8,конкурентноспособностью,8,конкурентноспособностью,8
582,благоустройство,5,благоустройство,5,благоустройство,4
583,тарелка,3,тарелка,3,тарелка,3
584,баллистокардиография,9,баллистокардиография,9,баллистокардиография,7
585,четырёхугольника,7,четырёхугольника,6,четырёхугольника,7
586,морковь,2,морковь,2,морковь,2
587,обезьяна,4,обезьяна,4,обезьяна,4
588,воробьи,3,воробьи,3,воробьи,3
589,электромеханический,8,электромеханический,7,электромеханический,8
590,фломастер,3,фломастер,3,фломастер,3
591,животноводческих,6,животноводческих,6,животноводческих,6
592,взгляд,1,взгляд,2,взгляд,1
593,жизнерадостность,5,жизнерадостность,6,жизнерадостность,5
594,Ас,1,Ас,1,Ас,1
595,являющимися,6,являющимися,5,являющимися,5
596,налогообложения,8,налогообложения,6,налогообложения,6
597,жизнеутверждающий,7,жизнеутверждающий,6,жизнеутверждающий,5
598,взаимопонимание,8,взаимопонимание,6,взаимопонимание,6
599,территориальный,6,территориальный,6,территориальный,5
600,живописное,5,живописное,4,живописное,4
601,здравоохранения,7,здравоохранения,6,здравоохранения,5
602,яркая,3,яркая,3,яркая,2
603,авиационный,6,авиационный,5,авиационный,4
604,художественная,6,художественная,5,художественная,5
605,характеристиками,7,характеристиками,6,характеристиками,7
606,высокопревосходительство,9,высокопревосходительство,9,высокопревосходительство,9
607,индивидуализировать,9,индивидуализировать,8,индивидуализировать,8
608,банан,2,банан,2,банан,2
609,риск,1,риск,1,риск,1
610,камнеобрабатывающий,9,камнеобрабатывающий,7,камнеобрабатывающий,7
611,огонь,2,огонь,2,огонь,2
612,чаепитие,5,чаепитие,4,чаепитие,3
613,играю,3,играю,3,играю,2
614,социалистическая,8,социалистическая,6,социалистическая,6
615,этаж,2,этаж,2,этаж,2
616,звёзды,2,звёзды,2,звёзды,2
617,туфли,2,туфли,2,туфли,2
618,соревнования,6,соревнования,5,соревнования,5
619,фестиваль,3,фестиваль,3,фестиваль,3
620,администрация,6,администрация,6,администрация,5
621,достопримечательностям,8,достопримечательностям,7,достопримечательностям,8
622,убаюкивает,6,убаюкивает,5,убаюкивает,4
623,Япония,4,Япония,3,Япония,3
624,единовременное,7,единовременное,6,единовременное,6
625,восточнославянская,7,восточнославянская,7,восточнославянская,6
626,головокружение,7,головокружение,6,головокружение,6
627,завтрак,2,завтрак,2,завтрак,2
628,ясновидящие,6,ясновидящие,5,ясновидящие,5
629,головокружительная,8,головокружительная,7,головокружительная,7
630,соединение,6,соединение,5,соединение,4
631,грамматика,4,грамматика,4,грамматика,4
632,руль,1,руль,1,руль,1
633,гидроэнергетические,9,гидроэнергетические,7,гидроэнергетические,7
634,жеребёнок,4,жеребёнок,3,жеребёнок,4
635,государственного,6,государственного,5,государственного,6
636,обществознание,6,обществознание,5,обществознание,5
637,удочка,3,удочка,3,удочка,3
638,жизнерадостный,5,жизнерадостный,5,жизнерадостный,5
639,направление,5,направление,4,направление,4
640,хруст,1,хруст,1,хруст,1
641,ягуар,3,ягуар,2,ягуар,2
642,рысь,1,рысь,1,рысь,1
643,Екатеринбургскую,7,Екатеринбургскую,6,Екатеринбургскую,6
644,дрозд,1,дрозд,1,дрозд,1
645,голубь,2,голубь,2,голубь,2
646,формирования,6,формирования,5,формирования,5
647,шиномонтажные,6,шиномонтажные,5,шиномонтажные,5
648,Евгений,3,Евгений,3,Евгений,3
649,облако,3,облако,3,облако,3
650,ненастье,3,ненастье,3,ненастье,3
651,бактерионосительство,8,бактерионосительство,7,бактерионосительство,7
652,трамвай,2,трамвай,2,трамвай,2
653,работоспособность,6,работоспособность,6,работоспособность,6
654,иней,2,иней,2,иней,2
655,идеальный,4,идеальный,4,идеальный,3
656,коммунистическая,7,коммунистическая,6,коммунистическая,6
657,сельскохозяйственного,7,сельскохозяйственного,7,сельскохозяйственного,7
658,ходатайство,4,ходатайство,4,ходатайство,4
659,некристаллизирующийся,9,некристаллизирующийся,8,некристаллизирующийся,8
660,ещё,2,ещё,1,ещё,2
661,неожиданно,5,неожиданно,4,неожиданно,4
662,деньки,2,деньки,2,деньки,2
663,аист,2,аист,1,аист,1
664,хлопотливый,4,хлопотливый,4,хлопотливый,4
665,красноармейская,6,красноармейская,5,красноармейская,4
666,заасфальтировать,6,заасфальтировать,6,заасфальтировать,5
667,бетонирование,7,бетонирование,5,бетонирование,6
668,игла,2,игла,2,игла,2
669,добросовестный,5,добросовестный,5,добросовестный,5
670,фарш,1,фарш,1,фарш,1
671,регистрационный,6,регистрационный,6,регистрационный,5
672,чистописание,6,чистописание,5,чистописание,5
673,пластилин,3,пластилин,3,пластилин,3
674,Москва,2,Москва,2,Москва,2
675,щавелевый,4,щавелевый,4,щавелевый,4
676,ферзь,1,ферзь,1,ферзь,1
677,ос,1,ос,1,ос,1
678,автовеломотогонки,8,автовеломотогонки,7,автовеломотогонки,8
679,авианавигационный,9,авианавигационный,7,авианавигационный,7
680,профориентационную,9,профориентационную,7,профориентационную,6
681,радиопеленгаторная,9,радиопеленгаторная,7,радиопеленгаторная,7
682,зарегистрировано,7,зарегистрировано,6,зарегистрировано,7
683,йодом,2,йодом,2,йодом,2
684,хозяйственный,4,хозяйственный,4,хозяйственный,4
685,шестиугольник,5,шестиугольник,5,шестиугольник,4
686,автоаннотирование,9,автоаннотирование,7,автоаннотирование,7
687,портфель,2,портфель,2,портфель,2
688,билетопечатающий,8,билетопечатающий,6,билетопечатающий,7
689,неспециализированных,9,неспециализированных,7,неспециализированных,8
690,искусство,3,искусство,3,искусство,3
691,щеткой,2,щеткой,2,щеткой,2
692,юбиляра,4,юбиляра,4,юбиляра,4
693,рожь,1,рожь,1,рожь,1
694,шарф,1,шарф,1,шарф,1
695,поздравляю,4,поздравляю,4,поздравляю,3
696,изобилия,5,изобилия,4,изобилия,4
697,общеобразовательная,9,общеобразовательная,7,общеобразовательная,7
698,цилиндрическая,6,цилиндрическая,5,цилиндрическая,5
699,лидирующие,6,лидирующие,5,лидирующие,4
700,местонахождение,7,местонахождение,6,местонахождение,6
701,смотрит,2,смотрит,3,смотрит,2
702,фонарь,2,фонарь,2,фонарь,2
703,акация,4,акация,4,акация,3
704,флюорография,6,флюорография,5,флюорография,4
705,красиваядолгое,7,красиваядолгое,6,красиваядолгое,5
706,единожды,4,единожды,4,единожды,4
707,энциклопедическое,8,энциклопедическое,7,энциклопедическое,7
708,шёлковая,4,шёлковая,3,шёлковая,3
709,благоприятствовать,6,благоприятствовать,6,благоприятствовать,5
710,ночь,1,ночь,1,ночь,1
711,безукоризненно,6,безукоризненно,6,безукоризненно,6
712,тетрадь,2,тетрадь,2,тетрадь,2
713,железнодорожный,6,железнодорожный,5,железнодорожный,6
714,благополучие,6,благополучие,5,благополучие,5
715,представление,5,представление,5,представление,4
716,немалозначимую,7,немалозначимую,6,немалозначимую,6
717,дупло,2,дупло,2,дупло,2
718,естествоиспытатель,7,естествоиспытатель,7,естествоиспытатель,6
719,ёмкостной,3,ёмкостной,3,ёмкостной,3
720,вежливость,3,вежливость,3,вежливость,3
721,зеркало,3,зеркало,3,зеркало,3
722,величественный,5,величественный,5,величественный,5
723,Илья,2,Илья,2,Илья,2
724,умиротворение,7,умиротворение,6,умиротворение,6
725,литературное,6,литературное,5,литературное,5
726,тюльпан,2,тюльпан,2,тюльпан,2
727,ядовитая,5,ядовитая,4,ядовитая,4
728,авиаметеостанция,9,авиаметеостанция,8,авиаметеостанция,6
729,Иван,2,Иван,2,Иван,2
730,юноша,3,юноша,3,юноша,3
731,декларация,5,декларация,5,декларация,4
732,естественный,4,естественный,4,естественный,4
733,компьютер,3,компьютер,3,компьютер,3
734,щекотливость,4,щекотливость,5,щекотливость,4
735,материаловедение,9,материаловедение,7,материаловедение,7
736,барабан,3,барабан,3,барабан,3
737,гном,1,гном,1,гном,1
738,аббревиатура,6,аббревиатура,6,аббревиатура,5
739,йод,1,йод,1,йод,1
740,хек,1,хек,1,хек,1
741,элегантные,5,элегантные,5,элегантные,4
742,лакированная,6,лакированная,5,лакированная,5
743,твой,1,твой,1,твой,1
744,регулирование,7,регулирование,6,регулирование,6
745,он,1,он,1,он,1
746,человеческий,5,человеческий,4,человеческий,5
747,деревьями,4,деревьями,4,деревьями,4
748,эндокринологическое,9,эндокринологическое,8,эндокринологическое,8
749,Эмма,2,Эмма,2,Эмма,2
750,йоги,2,йоги,2,йоги,2
751,сфотографировать,6,сфотографировать,6,сфотографировать,6
752,разрастающиеся,7,разрастающиеся,5,разрастающиеся,5
753,высокотехнологичного,9,высокотехнологичного,7,высокотехнологичного,9
754,хлеб,1,хлеб,1,хлеб,1
755,астр,1,астр,2,астр,1
756,переформатирование,9,переформатирование,7,переформатирование,8
757,теплопроизводительность,8,теплопроизводительность,8,теплопроизводительность,7
758,машиностроительная,8,машиностроительная,7,машиностроительная,6
759,фармакокенетика,7,фармакокенетика,7,фармакокенетика,7
760,автотехобслуживание,9,автотехобслуживание,8,автотехобслуживание,8
761,матрёшка,3,матрёшка,3,матрёшка,3
762,усовершенствованиями,9,усовершенствованиями,7,усовершенствованиями,8
763,весенний,3,весенний,3,весенний,3
764,базирующуюся,7,базирующуюся,5,базирующуюся,5
765,оплачиваемый,6,оплачиваемый,5,оплачиваемый,5
766,волк,1,волк,1,волк,1
767,четырнадцатое,6,четырнадцатое,5,четырнадцатое,5
768,альбом,2,альбом,2,альбом,2
769,деньги,2,деньги,2,деньги,2
770,одиннадцатое,6,одиннадцатое,5,одиннадцатое,5
771,доброжелательный,6,доброжелательный,6,доброжелательный,6
772,правоохранительная,8,правоохранительная,7,правоохранительная,6
773,жужжание,4,жужжание,3,жужжание,3
774,великолепие,6,великолепие,5,великолепие,5
775,мышь,1,мышь,1,мышь,1
776,языковая,5,языковая,4,языковая,4
777,доброжелательность,6,доброжелательность,7,доброжелательность,6
778,Ям,1,Ям,1,Ям,1
779,ам,1,ам,1,ам,1
780,империалистические,9,империалистические,7,империалистические,7
781,разноцветные,5,разноцветные,4,разноцветные,4
782,глообализационными,9,глообализационными,7,глообализационными,7
783,осенние,4,осенние,3,осенние,3
784,программирование,7,программирование,6,программирование,6
785,центральная,4,центральная,4,центральная,3
786,четырехлепестковые,8,четырехлепестковые,6,четырехлепестковые,7
787,пенал,2,пенал,2,пенал,2
788,жук,1,жук,1,жук,1
789,целоваться,4,целоваться,4,целоваться,4
790,юбилейное,5,юбилейное,4,юбилейное,4
791,тихоокеанского,7,тихоокеанского,6,тихоокеанского,5
792,Яна,2,Яна,2,Яна,2
793,праздник,2,праздник,2,праздник,2
794,этноконфессиональных,8,этноконфессиональных,8,этноконфессиональных,7
795,телефон,3,телефон,3,телефон,3
796,гусеница,4,гусеница,3,гусеница,4
797,Юлианович,5,Юлианович,5,Юлианович,4
798,эксплуатации,6,эксплуатации,6,эксплуатации,4
799,лев,1,лев,1,лев,1
800,кардиореспираторной,8,кардиореспираторной,8,кардиореспираторной,7
801,фитопалеонтология,9,фитопалеонтология,8,фитопалеонтология,7
802,барражирование,7,барражирование,6,барражирование,6
803,полиэтиленовая,8,полиэтиленовая,6,полиэтиленовая,6
804,электробезопасность,7,электробезопасность,7,электробезопасность,7
805,величественные,6,величественные,5,величественные,5
806,железнодорожная,7,железнодорожная,5,железнодорожная,6
807,человеконенавистник,8,человеконенавистник,7,человеконенавистник,8
808,трактор,2,трактор,2,трактор,2
809,тихоокеанский,6,тихоокеанский,5,тихоокеанский,4
810,ночник,2,ночник,2,ночник,2
811,горнодобывающая,8,горнодобывающая,6,горнодобывающая,6
812,пляж,1,пляж,1,пляж,1
813,широкоугольный,6,широкоугольный,5,широкоугольный,5
814,звукозаписывающее,9,звукозаписывающее,7,звукозаписывающее,7
815,извините,4,извините,4,извините,4
816,эмоциональный,6,эмоциональный,5,эмоциональный,5
817,специализированные,9,специализированные,7,специализированные,7
818,коллекционирование,9,коллекционирование,7,коллекционирование,7
819,целлюлоза,4,целлюлоза,4,целлюлоза,4
820,шторм,1,шторм,1,шторм,1
821,целеустремленный,6,целеустремленный,6,целеустремленный,5
822,происхождение,6,происхождение,5,происхождение,4
823,зелёная,4,зелёная,3,зелёная,3
824,теоретический,6,теоретический,5,теоретический,5
825,единичный,4,единичный,3,единичный,4
826,яишница,4,яишница,3,яишница,3
827,забастовка,4,забастовка,4,забастовка,4
828,предполагает,5,предполагает,4,предполагает,4
829,программа,3,программа,3,программа,3
830,шахматы,3,шахматы,2,шахматы,3
831,словообразование,8,словообразование,6,словообразование,6
832,актёр,2,актёр,2,актёр,2
833,ёжик,2,ёжик,2,ёжик,2
834,психоневрологическая,9,психоневрологическая,8,психоневрологическая,8
835,ёжики,3,ёжики,3,ёжики,3
836,Ирина,3,Ирина,3,Ирина,3
837,предаттестационная,8,предаттестационная,8,предаттестационная,6
838,муж,1,муж,1,муж,1
839,карбокксиметилцеллюлоза,9,карбокксиметилцеллюлоза,9,карбокксиметилцеллюлоза,9
840,разнообразие,6,разнообразие,5,разнообразие,4
841,як,1,як,1,як,1
842,яблонька,3,яблонька,3,яблонька,3
843,аэроплан,4,аэроплан,4,аэроплан,3
844,лось,1,лось,1,лось,1
845,главнокомандующего,8,главнокомандующего,7,главнокомандующего,7
846,шизофрении,5,шизофрении,5,шизофрении,4
847,финансирование,7,финансирование,6,финансирование,6
848,движение,4,движение,3,движение,3
849,удивительные,6,удивительные,5,удивительные,5
850,скамейка,3,скамейка,3,скамейка,3
851,единственного,5,единственного,4,единственного,5
852,ёлочка,3,ёлочка,3,ёлочка,3
853,ежевика,4,ежевика,3,ежевика,4
854,документационного,8,документационного,7,документационного,7
855,медведь,2,медведь,2,медведь,2
856,идеализированному,9,идеализированному,7,идеализированному,8
857,шестнадцатое,5,шестнадцатое,5,шестнадцатое,4
858,горькая,3,горькая,2,горькая,2
859,щипцы,2,щипцы,2,щипцы,2
860,явление,4,явление,3,явление,3
861,щуплый,2,щуплый,2,щуплый,2
862,электрический,5,электрический,5,электрический,5
863,ива,2,ива,2,ива,2
864,зелёный,3,зелёный,3,зелёный,3
865,холодная,4,холодная,3,холодная,3
866,метеорологические,9,метеорологические,7,метеорологические,7
867,реабилитационный,8,реабилитационный,7,реабилитационный,6
868,дружба,2,дружба,2,дружба,2
869,трудоустройство,5,трудоустройство,5,трудоустройство,4
870,серебро,3,серебро,3,серебро,3
871,совершенствование,7,совершенствование,6,совершенствование,6
872,хорошая,4,хорошая,3,хорошая,3
873,авиация,5,авиация,4,авиация,3
874,растения,4,растения,3,растения,3
875,бабушка,3,бабушка,3,бабушка,3
876,действительно,4,действительно,4,действительно,4
877,автомобиль,4,автомобиль,4,автомобиль,4
878,электрификация,7,электрификация,6,электрификация,6
879,Тверь,1,Тверь,1,Тверь,1
880,азотофиксирующий,8,азотофиксирующий,7,азотофиксирующий,7
881,шишка,2,шишка,2,шишка,2
882,щётка,2,щётка,2,щётка,2
883,быстро,2,быстро,2,быстро,2
884,шантажировать,5,шантажировать,5,шантажировать,5
885,дисквалифицировали,8,дисквалифицировали,7,дисквалифицировали,8
886,называется,5,называется,4,называется,4
887,жил,1,жил,1,жил,1
888,экспресс,2,экспресс,2,экспресс,2
889,метро,2,метро,2,метро,2
890,животноводство,5,животноводство,5,животноводство,5
891,конструирование,7,конструирование,6,конструирование,5
892,Эдик,2,Эдик,2,Эдик,2
893,дифференцированная,8,дифференцированная,7,дифференцированная,7
894,сочинение,5,сочинение,4,сочинение,4
895,ералаш,3,ералаш,3,ералаш,3
896,апельсин,3,апельсин,3,апельсин,3
897,молоко,3,молоко,3,молоко,3
898,противоположные,7,противоположные,6,противоположные,6
899,реабилитационные,9,реабилитационные,7,реабилитационные,6
900,логопедической,6,логопедической,6,логопедической,6
901,ручьи,2,ручьи,2,ручьи,2
902,имена,3,имена,3,имена,3
903,квалификационная,8,квалификационная,7,квалификационная,6
904,ульи,2,ульи,2,ульи,2
905,хвост,1,хвост,1,хвост,1
906,ёсць,1,ёсць,2,ёсць,1
907,Антон,2,Антон,2,Антон,2
908,ум,1,ум,1,ум,1
909,щелочение,5,щелочение,4,щелочение,4
910,единственная,5,единственная,4,единственная,4
911,телерадиокомпания,9,телерадиокомпания,7,телерадиокомпания,7
912,фантастика,4,фантастика,4,фантастика,4
913,эмоциональная,7,эмоциональная,5,эмоциональная,5
914,йеменцу,3,йеменцу,3,йеменцу,3
915,зоопарк,3,зоопарк,3,зоопарк,2
916,янтарная,4,янтарная,3,янтарная,3
917,материальное,6,материальное,5,материальное,4
918,акула,3,акула,3,акула,3
919,ерунда,3,ерунда,3,ерунда,3
920,электрообеспечение,9,электрообеспечение,7,электрообеспечение,7
921,биологический,6,биологический,6,биологический,5
922,поэзия,4,поэзия,3,поэзия,2
923,ядовитую,5,ядовитую,4,ядовитую,4
924,теплоизоляционные,9,теплоизоляционные,7,теплоизоляционные,6
925,финал,2,финал,2,финал,2
926,традиция,4,традиция,4,традиция,3
927,декабрь,2,декабрь,2,декабрь,2
928,Арс,1,Арс,1,Арс,1
929,общеобразовательную,9,общеобразовательную,7,общеобразовательную,7
930,шестьюдесятью,5,шестьюдесятью,5,шестьюдесятью,5
931,температура,5,температура,5,температура,5
932,холодный,3,холодный,3,холодный,3
933,шампиньоны,4,шампиньоны,4,шампиньоны,4
934,разъезд,2,разъезд,2,разъезд,2
935,танк,1,танк,1,танк,1
936,цветы,2,цветы,2,цветы,2
937,разочарование,7,разочарование,6,разочарование,6
938,украинский,4,украинский,4,украинский,3
939,наряд,2,наряд,2,наряд,2
940,учительница,5,учительница,5,учительница,5
941,юные,3,юные,2,юные,2
942,металлообнаружитель,8,металлообнаружитель,7,металлообнаружитель,7
943,листочками,4,листочками,4,листочками,4
944,их,1,их,1,их,1
945,дифференцированы,7,дифференцированы,6,дифференцированы,7
946,конкурентоспособность,7,конкурентоспособность,7,конкурентоспособность,7
947,подосиновик,5,подосиновик,4,подосиновик,5
948,уж,1,уж,1,уж,1
949,вышеперечисленные,8,вышеперечисленные,7,вышеперечисленные,7
950,насекомые,5,насекомые,4,насекомые,4
951,микросхема,4,микросхема,4,микросхема,4
952,квалификационные,8,квалификационные,7,квалификационные,6
953,эксперт,2,эксперт,2,эксперт,2
954,фигурирующих,6,фигурирующих,5,фигурирующих,5
955,подъезд,2,подъезд,2,подъезд,2
956,настоящая,5,настоящая,4,настоящая,3
957,гидроэлектростанцией,8,гидроэлектростанцией,8,гидроэлектростанцией,6
958,усовершенствованию,8,усовершенствованию,7,усовершенствованию,7
959,вышепоставленным,6,вышепоставленным,6,вышепоставленным,6
960,несанкционированного,9,несанкционированного,8,несанкционированного,8
961,раскрасила,4,раскрасила,4,раскрасила,4
962,циркуляцией,5,циркуляцией,5,циркуляцией,4
963,зонт,1,зонт,1,зонт,1
964,радио,3,радио,3,радио,2
965,белоснежный,4,белоснежный,4,белоснежный,4
966,авиастроительство,7,авиастроительство,6,авиастроительство,5
967,естественнонаучный,7,естественнонаучный,7,естественнонаучный,6
968,оборачиваемости,8,оборачиваемости,6,оборачиваемости,7
969,несовершеннолетним,7,несовершеннолетним,7,несовершеннолетним,7
970,листва,2,листва,2,листва,2
971,термодинамического,8,термодинамического,7,термодинамического,8
972,шиномонтажное,6,шиномонтажное,5,шиномонтажное,5
973,визуализация,7,визуализация,5,визуализация,5
974,неопределенный,6,неопределенный,5,неопределенный,5
975,землетрясение,6,землетрясение,5,землетрясение,5
976,Германия,4,Германия,3,Германия,3
977,гидроманипуляторами,9,гидроманипуляторами,8,гидроманипуляторами,9
978,флокс,1,флокс,1,флокс,1
979,товаробраковочного,8,товаробраковочного,7,товаробраковочного,8
980,чтение,3,чтение,2,чтение,2
981,обеспечивающие,8,обеспечивающие,6,обеспечивающие,6
982,индустриальный,5,индустриальный,5,индустриальный,4
983,позиционирование,9,позиционирование,7,позиционирование,7
984,мать,1,мать,1,мать,1
985,його,2,йог,1,його,2
986,коллекция,4,коллекция,4,коллекция,3
987,радость,2,радость,2,радость,2
988,кондиционирования,9,кондиционирования,7,кондиционирования,7
989,жизнь,1,жизнь,1,жизнь,1
990,барс,1,барс,1,барс,1
991,цветочную,4,цветочную,3,цветочную,3
992,нефть,1,нефть,1,нефть,1
993,ирис,2,ирис,2,ирис,2
994,геологические,7,геологические,5,геологические,5
995,инструктируемого,7,инструктируемого,6,инструктируемого,6
996,глобализируещееся,9,глобализируещееся,7,глобализируещееся,7
997,щит,1,щит,1,щит,1
998,оборудование,7,оборудование,5,оборудование,6
999,им,1,им,1,им,1
